order_id,customer_id,order_date,order_year,delivery_speed,payment_method,discount_pct,total_amount
1,218,2024-04-12,2024,Standard,Card,0,45.82
2,141,2025-03-11,2025,Standard,BankTransfer,10,98.55
3,104,2024-09-27,2024,Express,Card,,41.61
4,210,2024-04-16,2024,Standard,Card,0,75.48
5,111,2024-03-12,2024,Standard,Card,5,104.03
6,104,2025-12-01,2025,Standard,BankTransfer,0,36.27
7,171,2024-01-21,2024,Standard,Card,10,51.82
8,133,2025-09-06,2025,Standard,Card,0,63.58
9,293,2024-05-01,2024,Express,Card,,18.9
10,127,2025-04-11,2025,Standard,Card,15,70.58
11,106,2024-08-02,2024,Standard,Card,0,57.96
12,92,2024-11-26,2024,Standard,Card,0,82.27
13,287,2025-04-03,2025,Express,Card,0,55.8
14,51,2024-03-28,2024,,Card,20,72.63
15,29,2025-01-07,2025,Standard,Card,0,43.59
16,296,2024-04-09,2024,Express,Card,0,49.74
17,297,2025-10-25,2025,Express,Card,0,94.09
18,214,2024-05-10,2024,Express,Card,0,79.59
19,267,2025-10-23,2025,Express,Card,0,90.73
20,257,2024-11-04,2024,Standard,BankTransfer,5,0.0
21,101,2026-02-08,2026,Express,Card,20,68.06
22,110,2024-12-09,2024,Standard,Card,0,70.37
23,182,2025-05-06,2025,Express,Card,0,37.46
24,1,2025-02-17,2025,Standard,BankTransfer,0,114.91
25,55,2025-01-20,2025,Express,Card,0,105.03
26,149,2024-07-10,2024,Standard,Card,15,62.87
27,137,2024-10-03,2024,,Card,,30.36
28,202,2024-06-09,2024,Standard,Card,0,115.51
29,117,2025-04-04,2025,Next-day,Card,5,72.26
30,154,2024-11-09,2024,Express,Card,0,55.57
31,291,2024-01-22,2024,Standard,Card,5,37.04
32,63,2024-09-09,2024,Standard,BankTransfer,0,15.09
33,244,2026-01-17,2026,Standard,Card,10,0.0
34,25,2025-07-14,2025,,Card,15,47.58
35,90,2025-04-19,2025,Express,Card,5,46.99
36,75,2024-02-28,2024,Standard,Card,20,127.71
37,294,2025-05-25,2025,Standard,Card,,112.2
38,210,2025-11-12,2025,Express,Card,0,12.74
39,17,2025-04-20,2025,Standard,Card,,43.08
40,128,2025-11-30,2025,Standard,PayPal,0,28.46
41,251,2026-02-21,2026,Standard,PayPal,0,20.18
42,179,2024-07-08,2024,Standard,Card,0,14.91
43,182,2025-11-17,2025,Standard,Card,0,63.49
44,152,2025-07-16,2025,Standard,PayPal,0,36.24
45,25,2025-07-20,2025,Standard,Card,0,86.92
46,180,2024-08-31,2024,Express,PayPal,5,0.0
47,198,2025-05-19,2025,Standard,Card,0,103.52
48,161,2024-05-10,2024,Express,Card,0,21.56
49,177,2025-04-29,2025,Standard,Card,0,164.29
50,285,2025-10-08,2025,Standard,,0,57.17
51,63,2024-01-21,2024,Standard,Card,15,35.28
52,150,2024-06-15,2024,Standard,Card,0,99.08
53,154,2024-09-30,2024,Standard,Card,0,78.01
54,156,2025-01-22,2025,Next-day,Card,10,19.72
55,49,2025-08-23,2025,Standard,Card,0,5.51
56,84,2024-11-11,2024,Standard,BankTransfer,0,22.87
57,177,2024-01-14,2024,Express,Card,0,98.12
58,148,2024-08-29,2024,Standard,PayPal,15,50.19
59,118,2026-02-15,2026,Standard,Card,0,14.28
60,63,2024-12-11,2024,Standard,Card,0,87.93
61,189,2025-07-18,2025,Standard,BankTransfer,0,104.56
62,49,2024-12-05,2024,Standard,Card,0,89.51
63,257,2024-04-01,2024,Standard,Card,0,26.97
64,224,2025-01-01,2025,Express,Card,0,92.88
65,141,2025-03-30,2025,Standard,Card,0,94.6
66,215,2025-03-03,2025,Standard,Card,,105.33
67,211,2025-05-23,2025,Express,PayPal,10,76.23
68,32,2026-02-14,2026,Standard,Card,0,17.94
69,158,2024-02-04,2024,Standard,Card,10,31.03
70,285,2024-07-24,2024,Standard,Card,0,58.89
71,286,2024-03-21,2024,Next-day,Card,0,9.92
72,144,2025-07-15,2025,Standard,Card,5,39.6
73,19,2025-01-22,2025,Standard,Card,10,32.19
74,18,2024-01-02,2024,Standard,Card,10,22.44
75,257,2025-01-24,2025,Standard,Card,0,26.49
76,78,2025-07-19,2025,Express,Card,15,88.0
77,175,2024-04-15,2024,Next-day,Card,0,98.59
78,194,2026-02-10,2026,Standard,Card,15,135.0
79,113,2025-04-21,2025,,Card,20,104.4
80,114,2025-12-03,2025,Standard,PayPal,0,9.15
81,222,2025-02-05,2025,Express,Card,5,26.96
82,166,2025-12-30,2025,Standard,Card,0,49.61
83,132,2025-07-09,2025,Standard,Card,0,60.66
84,264,2024-06-10,2024,Standard,Card,0,24.36
85,55,2024-07-20,2024,Standard,Card,0,30.73
86,131,2024-09-26,2024,Standard,Card,15,10.17
87,288,2024-09-27,2024,Standard,Card,5,14.67
88,266,2025-03-31,2025,Standard,Card,0,83.05
89,162,2025-04-06,2025,Express,Card,10,27.4
90,87,2025-12-27,2025,Standard,Card,,42.84
91,55,2024-09-08,2024,Standard,Card,0,50.49
92,288,2025-12-02,2025,Standard,Card,,61.38
93,178,2024-10-22,2024,Standard,BankTransfer,0,148.41
94,8,2025-12-25,2025,Standard,PayPal,10,52.09
95,247,2025-12-20,2025,Standard,PayPal,0,93.26
96,255,2026-01-18,2026,Standard,PayPal,0,48.23
97,54,2024-12-03,2024,Standard,PayPal,0,62.1
98,249,2024-02-22,2024,Standard,Card,5,58.54
99,239,2024-08-04,2024,Standard,Card,0,27.72
100,229,2026-02-02,2026,Express,Card,0,18.92
101,67,2024-07-06,2024,Standard,Card,0,7.6
102,51,2025-01-14,2025,Express,,15,15.5
103,97,2025-05-07,2025,Standard,Card,0,5.91
104,92,2024-02-10,2024,Standard,Card,0,18.56
105,264,2024-06-05,2024,Standard,Card,0,23.12
106,291,2024-01-15,2024,Standard,PayPal,0,71.16
107,96,2024-03-05,2024,Express,Card,10,51.78
108,88,2025-06-04,2025,Standard,Card,10,17.22
109,78,2024-12-09,2024,Express,Card,0,50.64
110,288,2024-05-08,2024,Standard,Card,,101.77
111,120,2025-10-09,2025,Standard,PayPal,10,24.76
112,165,2025-04-16,2025,Standard,Card,,26.66
113,182,2024-03-03,2024,Standard,PayPal,10,33.05
114,223,2024-05-18,2024,Standard,Card,5,17.97
115,7,2025-05-13,2025,Standard,Card,10,63.85
116,263,2025-08-15,2025,Standard,Card,0,27.39
117,161,2025-01-26,2025,Standard,Card,0,55.82
118,151,2025-11-05,2025,Standard,Card,20,54.67
119,85,2025-02-22,2025,Next-day,,0,67.03
120,147,2024-10-15,2024,Express,Card,5,5.11
121,112,2025-01-13,2025,Standard,PayPal,0,6.93
122,36,2026-02-11,2026,Standard,Card,5,58.72
123,285,2025-05-04,2025,Standard,PayPal,0,82.77
124,188,2024-08-18,2024,Express,Card,0,8.29
125,82,2024-02-10,2024,Standard,Card,0,48.94
126,2,2024-01-28,2024,Standard,Card,5,74.62
127,197,2024-05-14,2024,Express,Card,10,50.67
128,11,2024-07-19,2024,Standard,Card,0,73.72
129,234,2026-02-18,2026,Standard,Card,0,50.48
130,195,2024-02-02,2024,Standard,Card,,111.18
131,119,2024-02-17,2024,Standard,PayPal,0,41.88
132,20,2025-05-17,2025,Standard,Card,0,90.67
133,261,2025-02-10,2025,Standard,PayPal,0,55.21
134,293,2025-07-27,2025,Standard,Card,0,23.69
135,256,2025-12-28,2025,Standard,Card,0,13.06
136,222,2024-04-08,2024,Express,Card,,24.72
137,226,2025-11-14,2025,Standard,Card,0,33.63
138,53,2025-12-26,2025,Standard,Card,0,56.37
139,280,2025-06-30,2025,Standard,Card,0,34.62
140,81,2026-01-08,2026,Express,Card,0,23.62
141,202,2025-09-04,2025,Standard,Card,0,59.88
142,158,2025-04-06,2025,Standard,PayPal,10,54.64
143,120,2025-10-04,2025,Express,PayPal,0,0.0
144,59,2026-02-07,2026,Express,Card,0,35.33
145,215,2024-01-05,2024,Standard,Card,,36.28
146,128,2024-08-05,2024,Express,Card,0,108.63
147,224,2025-05-17,2025,Standard,Card,0,20.43
148,209,2026-02-05,2026,Standard,Card,0,73.66
149,115,2025-02-01,2025,Standard,Card,15,75.6
150,209,2025-01-27,2025,Standard,Card,,66.05
151,14,2024-07-25,2024,Standard,Card,20,79.93
152,9,2024-01-15,2024,Standard,Card,0,24.68
153,40,2025-07-07,2025,Standard,PayPal,0,12.04
154,237,2025-04-05,2025,Standard,PayPal,0,66.16
155,281,2025-11-21,2025,Express,Card,0,33.63
156,201,2025-07-28,2025,Standard,PayPal,0,18.74
157,246,2026-01-12,2026,Standard,BankTransfer,,24.57
158,278,2024-08-28,2024,Standard,Card,0,79.42
159,235,2025-07-17,2025,Express,Card,15,121.78
160,4,2024-04-05,2024,Standard,Card,10,74.85
161,154,2026-01-03,2026,Next-day,PayPal,0,48.78
162,29,2025-04-29,2025,Standard,PayPal,0,48.59
163,109,2025-02-10,2025,Standard,Card,0,11.45
164,98,2024-08-18,2024,Standard,Card,0,64.14
165,215,2026-01-18,2026,Standard,Card,0,53.56
166,293,2025-10-16,2025,Standard,Card,0,37.83
167,75,2024-06-19,2024,Express,Card,0,65.03
168,146,2025-06-24,2025,Standard,PayPal,0,94.1
169,128,2024-02-05,2024,Standard,Card,,13.92
170,42,2025-06-08,2025,Express,PayPal,5,28.95
171,41,2024-06-08,2024,Standard,PayPal,15,0.0
172,34,2025-11-29,2025,Express,Card,0,126.33
173,17,2024-08-30,2024,Standard,Card,0,26.02
174,165,2024-03-26,2024,Standard,Card,0,36.77
175,153,2025-07-31,2025,Standard,Card,,13.42
176,76,2025-11-12,2025,Standard,Card,0,62.95
177,87,2025-07-10,2025,Express,,5,52.2
178,117,2025-07-27,2025,Standard,Card,5,147.51
179,27,2025-10-07,2025,Standard,Card,0,53.1
180,287,2024-01-28,2024,Standard,Card,0,78.6
181,134,2025-09-11,2025,Standard,Card,0,69.67
182,219,2025-07-09,2025,Express,Card,0,57.94
183,168,2024-12-05,2024,Standard,Card,0,33.68
184,98,2024-11-26,2024,Standard,Card,0,14.7
185,268,2025-10-01,2025,Next-day,Card,0,93.7
186,237,2025-05-20,2025,Standard,Card,20,60.06
187,173,2024-12-13,2024,Express,Card,0,56.86
188,190,2025-04-17,2025,Standard,Card,5,30.17
189,122,2024-08-18,2024,Standard,Card,,61.31
190,46,2024-07-08,2024,Standard,PayPal,0,53.45
191,64,2024-08-12,2024,Standard,Card,0,32.88
192,130,2025-01-19,2025,Next-day,Card,0,71.29
193,193,2025-01-11,2025,Standard,Card,0,21.16
194,181,2024-10-09,2024,Standard,Card,,10.96
195,292,2025-09-24,2025,Standard,Card,5,76.58
196,282,2025-09-19,2025,Standard,Card,0,94.31
197,29,2026-01-14,2026,Standard,Card,0,0.0
198,149,2024-09-15,2024,Next-day,Card,15,14.34
199,267,2024-12-24,2024,Standard,Card,0,67.43
200,296,2025-12-10,2025,Standard,Card,,11.82
201,11,2025-03-31,2025,Standard,Card,0,14.56
202,164,2025-02-14,2025,Standard,BankTransfer,10,21.72
203,113,2025-10-10,2025,Standard,Card,,35.45
204,187,2024-11-13,2024,Standard,Card,,106.29
205,295,2025-11-07,2025,Express,Card,15,37.88
206,232,2024-08-12,2024,Standard,Card,10,57.94
207,227,2024-08-21,2024,Standard,Card,0,12.48
208,98,2025-11-14,2025,Standard,Card,0,6.09
209,55,2025-10-25,2025,Express,Card,0,51.99
210,111,2025-01-08,2025,Standard,Card,20,91.35
211,152,2025-11-02,2025,Standard,Card,,105.98
212,246,2025-08-30,2025,Standard,Card,10,75.71
213,69,2025-04-16,2025,Standard,PayPal,0,57.27
214,289,2024-08-20,2024,Standard,Card,5,40.16
215,250,2025-11-22,2025,Standard,Card,0,38.94
216,36,2024-04-22,2024,Standard,Card,0,19.34
217,239,2025-05-11,2025,Standard,Card,10,7.41
218,148,2025-03-17,2025,Express,Card,10,43.17
219,227,2025-07-17,2025,Express,,10,93.46
220,244,2024-09-24,2024,Standard,Card,0,11.17
221,201,2025-05-24,2025,Standard,Card,5,8.32
222,154,2025-01-20,2025,Standard,Card,0,32.76
223,73,2025-01-21,2025,Standard,Card,0,33.49
224,201,2024-04-22,2024,Standard,PayPal,0,99.99
225,296,2025-09-04,2025,Standard,Card,0,63.85
226,17,2025-09-16,2025,Standard,Card,0,34.02
227,129,2024-03-21,2024,Express,Card,20,49.28
228,217,2025-11-29,2025,Standard,Card,0,51.47
229,61,2024-04-22,2024,Standard,PayPal,5,54.21
230,104,2024-01-02,2024,,Card,0,64.03
231,42,2025-10-03,2025,Standard,Card,0,5.9
232,25,2024-08-07,2024,Standard,Card,0,120.85
233,39,2025-07-19,2025,Standard,Card,,54.63
234,291,2026-01-05,2026,Standard,Card,15,18.9
235,131,2024-08-12,2024,Express,Card,15,68.89
236,229,2025-01-19,2025,Standard,Card,20,30.6
237,108,2025-02-06,2025,Standard,Card,0,53.29
238,172,2025-09-29,2025,Express,Card,0,99.27
239,102,2024-05-09,2024,Express,PayPal,5,43.58
240,12,2024-02-22,2024,Express,PayPal,,20.79
241,275,2025-11-14,2025,Standard,PayPal,0,69.26
242,101,2025-12-30,2025,Standard,Card,0,19.88
243,44,2025-11-02,2025,Next-day,Card,0,40.77
244,17,2025-12-10,2025,Express,PayPal,0,19.61
245,57,2025-02-19,2025,Standard,Card,0,124.28
246,12,2024-09-03,2024,Standard,Card,0,84.02
247,80,2025-03-14,2025,Standard,PayPal,0,24.87
248,216,2024-07-21,2024,Express,PayPal,0,68.57
249,264,2024-07-02,2024,Standard,Card,0,57.42
250,149,2024-05-02,2024,Standard,Card,5,59.01
251,81,2025-02-04,2025,Standard,Card,0,5.9
252,215,2026-02-05,2026,Standard,PayPal,0,89.48
253,198,2024-10-20,2024,Express,PayPal,10,91.82
254,200,2024-10-06,2024,Standard,Card,0,102.46
255,25,2025-09-01,2025,Express,Card,0,27.63
256,89,2024-07-16,2024,Next-day,PayPal,5,14.34
257,268,2025-05-25,2025,Standard,Card,0,108.34
258,143,2026-01-21,2026,Standard,Card,10,21.94
259,59,2024-05-23,2024,Standard,BankTransfer,5,68.64
260,26,2025-08-31,2025,Express,Card,5,41.12
261,47,2024-07-19,2024,Standard,Card,0,30.55
262,288,2024-05-03,2024,Standard,,0,122.26
263,266,2024-07-05,2024,Express,Card,0,117.1
264,16,2024-11-21,2024,Standard,PayPal,0,46.62
265,199,2025-04-08,2025,Express,Card,0,18.96
266,282,2024-12-14,2024,Standard,BankTransfer,0,63.55
267,86,2026-02-09,2026,Standard,Card,0,56.07
268,250,2025-10-21,2025,Standard,Card,0,12.6
269,270,2026-02-02,2026,Express,Card,0,66.89
270,117,2025-02-06,2025,Standard,Card,0,51.78
271,7,2024-12-11,2024,Express,Card,5,61.09
272,137,2025-05-25,2025,Express,Card,0,35.62
273,176,2024-05-26,2024,Standard,Card,0,32.18
274,215,2024-05-27,2024,Next-day,Card,15,35.88
275,82,2025-12-11,2025,Standard,Card,0,6.22
276,223,2025-05-03,2025,Standard,Card,0,51.02
277,103,2025-10-01,2025,Standard,Card,0,34.97
278,273,2025-07-04,2025,Express,Card,5,27.18
279,14,2024-12-03,2024,Standard,Card,0,75.2
280,159,2025-10-02,2025,Standard,Card,0,49.95
281,152,2026-02-17,2026,Standard,Card,0,73.59
282,108,2025-04-17,2025,Standard,Card,15,25.09
283,188,2024-05-30,2024,Standard,PayPal,,147.71
284,98,2025-02-18,2025,Express,PayPal,0,32.34
285,131,2024-10-24,2024,Express,Card,10,9.13
286,293,2025-09-02,2025,Standard,Card,0,0.0
287,171,2024-09-19,2024,Next-day,PayPal,15,15.45
288,183,2026-02-02,2026,Standard,Card,0,27.72
289,39,2024-05-23,2024,Next-day,PayPal,10,24.38
290,15,2024-12-11,2024,,PayPal,0,44.75
291,4,2025-09-15,2025,Standard,PayPal,5,76.72
292,210,2025-07-25,2025,Standard,Card,,73.04
293,161,2024-01-02,2024,Express,Card,0,44.51
294,16,2024-10-30,2024,Standard,Card,0,18.56
295,108,2024-09-10,2024,Standard,Card,0,75.55
296,227,2025-10-13,2025,Standard,Card,0,24.51
297,170,2025-03-28,2025,Standard,Card,0,51.81
298,34,2024-02-06,2024,Standard,Card,0,52.95
299,251,2024-06-08,2024,Standard,PayPal,0,21.57
300,247,2024-01-09,2024,Express,Card,0,89.11
301,269,2024-08-20,2024,Standard,PayPal,0,45.81
302,141,2024-04-08,2024,Standard,PayPal,5,18.9
303,274,2025-10-20,2025,Standard,Card,,19.54
304,96,2024-07-26,2024,Express,Card,0,104.36
305,227,2024-05-10,2024,Express,PayPal,0,30.27
306,39,2025-02-07,2025,Standard,Card,0,90.93
307,29,2024-05-31,2024,Standard,Card,0,70.55
308,245,2024-02-23,2024,Standard,Card,0,14.48
309,236,2024-04-29,2024,Standard,Card,0,83.6
310,185,2025-11-03,2025,Express,Card,10,19.59
311,272,2025-09-19,2025,Standard,Card,0,13.16
312,236,2025-08-09,2025,Standard,Card,5,55.99
313,239,2025-09-16,2025,Standard,Card,5,67.35
314,266,2025-02-23,2025,Express,,10,9.34
315,65,2025-02-25,2025,Standard,Card,15,141.52
316,177,2024-04-13,2024,Standard,Card,0,72.91
317,3,2024-09-10,2024,Standard,PayPal,0,117.86
318,142,2024-08-14,2024,Express,,15,86.85
319,158,2024-04-21,2024,Standard,Card,0,18.34
320,146,2025-05-24,2025,Standard,Card,0,27.51
321,293,2025-04-17,2025,Standard,Card,5,61.15
322,153,2024-04-08,2024,Standard,Card,5,14.34
323,193,2024-06-01,2024,Standard,PayPal,15,35.5
324,73,2024-12-03,2024,Standard,Card,20,28.55
325,140,2025-12-06,2025,Standard,PayPal,5,49.66
326,187,2024-06-11,2024,Standard,Card,0,62.09
327,293,2025-12-20,2025,Standard,Card,15,46.65
328,61,2025-11-11,2025,Express,Card,0,13.29
329,198,2024-06-09,2024,Standard,PayPal,0,52.97
330,295,2025-08-02,2025,Next-day,Card,15,39.19
331,11,2025-02-01,2025,Standard,Card,0,60.64
332,62,2024-10-03,2024,Standard,Card,,98.64
333,226,2025-05-18,2025,Standard,Card,0,21.06
334,153,2025-01-26,2025,Standard,Card,10,68.7
335,199,2024-05-14,2024,Standard,Card,0,12.38
336,52,2024-07-13,2024,Standard,Card,5,42.4
337,260,2025-02-04,2025,Standard,Card,0,103.44
338,59,2025-10-01,2025,Express,Card,10,29.8
339,72,2024-02-02,2024,Standard,PayPal,,0.0
340,148,2025-11-18,2025,Express,PayPal,0,73.65
341,63,2025-04-04,2025,Standard,PayPal,0,49.0
342,243,2025-04-14,2025,Standard,Card,0,26.58
343,107,2025-01-09,2025,Standard,Card,20,35.04
344,226,2024-01-22,2024,Standard,Card,5,75.03
345,218,2026-01-19,2026,,Card,15,57.7
346,241,2025-10-31,2025,Standard,Card,0,62.61
347,259,2024-02-07,2024,Standard,Card,10,17.04
348,262,2024-08-17,2024,Standard,Card,10,12.2
349,5,2024-12-30,2024,Standard,Card,,25.8
350,261,2025-07-16,2025,Express,PayPal,20,160.11
351,54,2025-03-13,2025,Express,Card,0,55.8
352,47,2026-02-14,2026,Express,Card,0,68.8
353,215,2024-10-09,2024,Express,Card,5,43.68
354,177,2024-01-27,2024,Standard,Card,5,74.31
355,9,2024-08-13,2024,Standard,Card,0,114.59
356,99,2024-10-03,2024,Express,PayPal,0,58.39
357,20,2025-08-31,2025,Standard,PayPal,0,86.85
358,241,2024-10-10,2024,Standard,Card,0,11.8
359,61,2025-04-25,2025,Standard,PayPal,0,10.09
360,178,2025-03-28,2025,Standard,BankTransfer,5,35.21
361,62,2025-10-20,2025,Standard,PayPal,5,50.23
362,145,2025-05-30,2025,Express,PayPal,0,6.76
363,216,2025-06-30,2025,Standard,Card,0,16.82
364,3,2024-07-10,2024,Standard,Card,0,23.14
365,160,2024-02-18,2024,Next-day,Card,0,74.82
366,227,2025-05-26,2025,Standard,Card,10,89.17
367,269,2024-01-17,2024,Standard,BankTransfer,15,66.57
368,120,2024-06-20,2024,Standard,Card,0,60.94
369,89,2024-08-07,2024,Standard,Card,10,92.56
370,68,2024-06-06,2024,Express,PayPal,,36.38
371,98,2025-04-21,2025,Standard,PayPal,10,67.76
372,267,2024-02-15,2024,Express,,0,84.21
373,105,2025-01-07,2025,Standard,Card,20,95.24
374,123,2025-06-01,2025,Express,Card,0,33.01
375,29,2024-04-08,2024,Express,Card,0,41.77
376,137,2026-01-14,2026,Express,Card,0,64.73
377,195,2024-02-06,2024,,Card,0,26.83
378,226,2024-10-06,2024,Next-day,Card,0,21.69
379,170,2024-12-14,2024,Standard,PayPal,,7.34
380,9,2025-05-11,2025,Standard,Card,,74.96
381,40,2024-10-28,2024,Express,Card,10,73.05
382,25,2024-06-29,2024,Standard,Card,15,64.34
383,261,2025-08-29,2025,Express,Card,0,22.18
384,226,2024-04-08,2024,Standard,Card,10,15.3
385,124,2025-11-30,2025,Standard,PayPal,10,77.11
386,38,2024-04-25,2024,Standard,Card,10,79.36
387,251,2024-07-09,2024,Standard,PayPal,0,32.5
388,176,2024-09-09,2024,Standard,Card,5,79.45
389,90,2024-06-09,2024,Standard,PayPal,15,99.13
390,37,2024-09-12,2024,Standard,Card,5,93.18
391,176,2024-11-18,2024,Standard,Card,0,43.31
392,284,2024-05-07,2024,Standard,Card,,34.75
393,81,2024-01-18,2024,Standard,PayPal,5,24.72
394,114,2026-01-04,2026,Standard,Card,0,35.95
395,40,2025-07-19,2025,Standard,Card,0,57.48
396,224,2025-07-23,2025,Standard,BankTransfer,0,115.44
397,115,2024-11-18,2024,Express,PayPal,10,97.59
398,186,2025-11-16,2025,Express,Card,10,57.62
399,56,2025-09-17,2025,Standard,Card,0,23.09
400,40,2024-10-14,2024,Standard,Card,20,80.14
401,40,2025-10-24,2025,Express,Card,0,20.48
402,237,2025-09-30,2025,Standard,Card,5,96.89
403,289,2024-06-03,2024,Standard,PayPal,10,12.86
404,262,2025-05-04,2025,Standard,PayPal,10,34.76
405,216,2025-01-20,2025,Express,Card,15,9.62
406,147,2026-02-23,2026,Standard,Card,0,50.59
407,168,2024-04-13,2024,Standard,Card,,55.98
408,92,2025-01-27,2025,Next-day,BankTransfer,,10.17
409,59,2024-09-02,2024,Express,BankTransfer,5,22.56
410,59,2024-06-24,2024,Standard,Card,5,32.32
411,169,2024-02-08,2024,Standard,PayPal,5,35.9
412,269,2025-04-21,2025,Express,,0,3.99
413,45,2025-11-12,2025,Standard,Card,15,68.99
414,181,2026-01-28,2026,Standard,Card,0,64.74
415,170,2025-06-21,2025,Standard,Card,0,30.62
416,191,2025-02-11,2025,Express,Card,5,17.37
417,155,2025-06-08,2025,,Card,0,100.27
418,188,2025-05-20,2025,Express,Card,10,42.57
419,7,2024-02-05,2024,Express,PayPal,0,27.81
420,133,2025-11-15,2025,Standard,Card,0,56.25
421,235,2024-01-20,2024,Standard,Card,10,43.14
422,45,2024-11-16,2024,Standard,Card,,48.8
423,249,2026-02-14,2026,Standard,Card,,52.04
424,31,2025-05-26,2025,Standard,Card,5,75.97
425,23,2025-02-03,2025,Express,Card,0,59.59
426,160,2025-10-15,2025,Standard,Card,5,35.6
427,158,2025-04-15,2025,Express,Card,,73.4
428,39,2024-05-22,2024,Standard,Card,10,90.95
429,82,2024-04-01,2024,Standard,Card,10,24.87
430,258,2024-12-19,2024,,Card,5,71.39
431,206,2025-12-27,2025,Standard,Card,0,59.52
432,77,2024-02-20,2024,Standard,Card,10,81.63
433,12,2025-10-26,2025,Standard,PayPal,5,76.31
434,295,2025-11-28,2025,Standard,Card,5,45.57
435,224,2025-07-28,2025,Standard,Card,0,69.01
436,13,2024-07-08,2024,Standard,PayPal,15,70.08
437,46,2024-05-04,2024,Standard,Card,5,26.5
438,155,2024-05-29,2024,Standard,Card,0,85.65
439,113,2024-11-09,2024,Next-day,PayPal,0,14.3
440,233,2025-07-23,2025,Standard,PayPal,15,11.22
441,17,2024-12-07,2024,Standard,BankTransfer,0,37.41
442,223,2024-10-31,2024,Standard,Card,20,66.32
443,188,2025-11-22,2025,Standard,Card,5,96.88
444,163,2025-11-12,2025,Standard,Card,5,13.48
445,74,2026-02-21,2026,Standard,Card,0,32.32
446,233,2024-02-23,2024,Standard,Card,0,28.45
447,224,2025-03-19,2025,Standard,Card,15,57.62
448,60,2025-09-04,2025,Standard,PayPal,0,66.94
449,222,2024-09-20,2024,Standard,Card,10,51.75
450,37,2024-02-22,2024,Standard,,0,18.3
451,278,2025-07-25,2025,Next-day,Card,0,15.93
452,196,2025-09-11,2025,,Card,0,46.64
453,242,2024-01-05,2024,Standard,Card,0,119.54
454,219,2024-04-12,2024,Standard,Card,20,41.2
455,192,2024-07-14,2024,Standard,Card,0,0.0
456,17,2026-02-12,2026,Standard,Card,0,30.78
457,12,2024-12-15,2024,Standard,PayPal,0,44.6
458,193,2024-02-16,2024,Standard,PayPal,0,14.56
459,22,2025-10-17,2025,Standard,Card,0,103.06
460,120,2024-09-25,2024,Standard,Card,15,45.39
461,210,2025-01-04,2025,Standard,PayPal,0,49.5
462,270,2025-09-27,2025,Standard,PayPal,0,71.86
463,192,2024-04-15,2024,Standard,Card,0,56.08
464,175,2025-10-31,2025,Standard,Card,20,24.7
465,285,2025-10-20,2025,Express,,0,37.77
466,204,2025-10-18,2025,Standard,PayPal,0,52.02
467,164,2024-04-29,2024,Standard,BankTransfer,5,93.01
468,251,2026-02-25,2026,Standard,Card,0,81.96
469,227,2025-08-26,2025,Express,PayPal,,94.84
470,7,2024-02-27,2024,Standard,Card,0,23.54
471,29,2024-12-11,2024,Standard,,10,55.27
472,33,2026-01-10,2026,Standard,Card,0,21.82
473,134,2025-04-18,2025,Standard,PayPal,10,48.8
474,79,2024-04-26,2024,Standard,Card,5,115.18
475,58,2026-03-01,2026,Standard,Card,0,17.1
476,26,2024-05-06,2024,Express,Card,0,53.32
477,226,2025-01-27,2025,Standard,BankTransfer,0,50.9
478,285,2025-10-02,2025,Standard,PayPal,10,52.8
479,4,2024-02-27,2024,Next-day,PayPal,0,25.96
480,99,2025-09-25,2025,Standard,PayPal,,20.26
481,39,2025-05-27,2025,Standard,Card,0,112.22
482,271,2026-01-20,2026,Standard,Card,20,36.34
483,285,2024-04-05,2024,Standard,Card,0,21.6
484,157,2025-09-29,2025,Standard,Card,15,39.24
485,75,2024-04-27,2024,Express,Card,0,13.9
486,288,2025-07-13,2025,Standard,Card,0,17.2
487,130,2025-08-23,2025,Standard,Card,0,74.22
488,175,2025-05-02,2025,Standard,Card,0,24.21
489,84,2024-08-24,2024,Express,Card,0,98.97
490,22,2024-09-28,2024,Next-day,Card,0,13.42
491,27,2024-07-07,2024,Express,BankTransfer,15,33.51
492,195,2025-12-04,2025,Standard,PayPal,10,68.47
493,236,2025-03-22,2025,Standard,BankTransfer,5,53.35
494,92,2025-08-03,2025,Standard,Card,0,6.32
495,21,2026-02-28,2026,Standard,Card,,8.52
496,84,2024-09-03,2024,Standard,PayPal,0,96.73
497,262,2024-03-16,2024,Standard,Card,5,116.14
498,147,2024-06-02,2024,Standard,Card,15,68.24
499,257,2025-10-17,2025,Standard,Card,0,5.0
500,58,2025-03-10,2025,Standard,Card,0,36.66
501,15,2024-03-26,2024,Standard,Card,0,29.67
502,162,2025-11-27,2025,Standard,Card,0,99.11
503,163,2024-10-11,2024,Standard,Card,0,12.44
504,281,2024-08-07,2024,Standard,Card,5,102.65
505,280,2024-03-09,2024,Express,Card,5,73.79
506,12,2024-02-16,2024,Standard,PayPal,0,19.02
507,274,2024-04-03,2024,Standard,Card,,42.76
508,271,2026-01-19,2026,Standard,Card,20,49.3
509,208,2025-03-28,2025,Express,PayPal,0,55.74
510,27,2024-07-22,2024,Standard,Card,0,84.38
511,72,2024-08-05,2024,Standard,Card,0,57.72
512,60,2025-04-18,2025,Standard,Card,,21.51
513,145,2025-03-07,2025,Standard,Card,0,51.37
514,93,2024-12-06,2024,Standard,Card,10,72.36
515,8,2025-07-04,2025,Standard,PayPal,0,43.47
516,79,2025-09-03,2025,Express,Card,0,65.17
517,27,2024-10-15,2024,Standard,Card,5,56.31
518,174,2024-09-10,2024,Express,Card,0,87.4
519,50,2026-01-03,2026,Standard,Card,,42.93
520,199,2024-12-22,2024,Standard,Card,10,10.0
521,181,2024-01-23,2024,Express,Card,0,105.39
522,24,2026-01-31,2026,Standard,Card,10,71.4
523,46,2025-06-05,2025,Standard,Card,0,68.92
524,15,2026-01-27,2026,Standard,Card,20,57.45
525,153,2024-04-09,2024,Standard,Card,0,114.59
526,222,2024-06-28,2024,Standard,PayPal,20,83.85
527,206,2024-08-10,2024,Standard,Card,10,36.71
528,273,2026-01-31,2026,Standard,Card,0,47.64
529,236,2025-10-20,2025,Standard,Card,0,61.1
530,228,2025-03-17,2025,Standard,Card,20,19.03
531,9,2025-08-30,2025,Standard,Card,10,0.0
532,166,2026-02-07,2026,Standard,Card,,66.71
533,214,2024-11-20,2024,Standard,PayPal,5,106.18
534,117,2025-05-30,2025,Standard,PayPal,0,111.49
535,72,2024-01-16,2024,Standard,Card,0,104.28
536,64,2024-12-01,2024,Express,Card,0,26.04
537,205,2026-01-28,2026,Standard,PayPal,0,42.63
538,209,2024-09-14,2024,Standard,BankTransfer,10,24.6
539,72,2025-05-11,2025,Standard,PayPal,0,50.84
540,277,2024-06-08,2024,Standard,Card,10,75.46
541,274,2025-04-19,2025,Standard,Card,,27.26
542,95,2025-10-25,2025,Express,Card,0,76.55
543,166,2025-11-20,2025,Standard,Card,0,68.09
544,32,2025-11-05,2025,Express,Card,0,45.99
545,11,2025-01-14,2025,Express,Card,0,8.52
546,217,2025-06-28,2025,Express,PayPal,,35.79
547,289,2025-11-21,2025,Express,Card,0,41.42
548,102,2025-03-02,2025,Standard,PayPal,,45.9
549,267,2025-09-04,2025,Standard,Card,0,0.0
550,214,2024-09-24,2024,Standard,Card,,53.38
551,179,2025-07-30,2025,Standard,Card,15,32.88
552,88,2025-02-20,2025,Standard,PayPal,15,10.3
553,41,2024-06-16,2024,Standard,Card,0,43.65
554,76,2024-02-12,2024,Standard,Card,0,22.38
555,46,2025-07-09,2025,Standard,BankTransfer,,43.21
556,160,2024-10-11,2024,Standard,Card,20,32.61
557,80,2025-01-31,2025,Standard,Card,0,113.52
558,86,2024-01-12,2024,Standard,Card,0,29.1
559,92,2025-08-29,2025,Express,Card,,110.42
560,148,2024-10-28,2024,Standard,Card,0,86.63
561,161,2024-09-09,2024,Standard,Card,0,30.39
562,202,2025-05-13,2025,Standard,Card,10,42.12
563,242,2026-01-23,2026,Standard,Card,0,24.75
564,2,2024-02-04,2024,Standard,Card,5,76.59
565,225,2025-12-27,2025,Standard,Card,0,69.95
566,289,2024-03-30,2024,Standard,Card,0,54.0
567,233,2026-02-14,2026,Standard,Card,15,0.0
568,77,2025-08-27,2025,Standard,Card,0,33.89
569,116,2025-08-24,2025,Standard,Card,10,25.56
570,154,2025-02-21,2025,Standard,Card,0,70.27
571,103,2024-04-24,2024,,PayPal,0,115.16
572,194,2025-09-08,2025,Standard,Card,,26.6
573,166,2024-07-14,2024,Next-day,PayPal,0,28.44
574,90,2025-05-15,2025,Standard,BankTransfer,10,0.0
575,174,2025-09-17,2025,Standard,Card,0,34.18
576,122,2025-05-07,2025,Standard,Card,10,65.75
577,143,2024-03-15,2024,Standard,Card,0,32.44
578,106,2025-02-16,2025,Standard,PayPal,0,42.96
579,123,2025-01-10,2025,Standard,Card,10,47.48
580,9,2025-02-23,2025,Next-day,Card,15,5.11
581,262,2025-12-29,2025,Standard,Card,15,31.12
582,73,2024-10-03,2024,Standard,PayPal,10,62.35
583,223,2026-01-30,2026,Standard,PayPal,15,0.0
584,41,2025-11-06,2025,Standard,Card,,16.53
585,204,2025-01-28,2025,Standard,Card,0,78.41
586,264,2025-04-01,2025,Standard,Card,0,38.67
587,178,2024-07-10,2024,Express,Card,0,119.37
588,84,2026-01-08,2026,,PayPal,,68.05
589,111,2025-11-19,2025,Standard,Card,,42.7
590,251,2024-04-08,2024,Express,Card,0,65.32
591,7,2025-07-01,2025,Standard,Card,5,85.38
592,84,2024-04-05,2024,Next-day,PayPal,0,87.88
593,208,2025-10-25,2025,Standard,PayPal,0,94.24
594,22,2025-10-24,2025,Express,Card,0,69.72
595,3,2024-07-08,2024,Standard,,10,14.4
596,127,2026-01-05,2026,Express,Card,5,67.95
597,297,2024-02-06,2024,Next-day,Card,5,26.0
598,188,2026-02-18,2026,Standard,Card,0,36.66
599,14,2025-01-03,2025,Next-day,Card,0,9.63
600,12,2025-11-25,2025,Standard,Card,0,58.2
601,87,2025-06-08,2025,Standard,PayPal,0,5.96
602,12,2024-10-05,2024,Standard,Card,0,33.69
603,25,2024-08-04,2024,Standard,Card,0,60.57
604,243,2024-09-29,2024,Standard,Card,0,89.04
605,122,2024-03-02,2024,Standard,Card,20,48.56
606,147,2025-08-18,2025,Standard,PayPal,20,26.07
607,55,2025-12-29,2025,Express,Card,0,95.34
608,238,2024-12-07,2024,Express,Card,0,70.01
609,173,2025-01-31,2025,Standard,PayPal,0,19.98
610,221,2025-11-29,2025,Standard,Card,0,70.69
611,119,2024-01-19,2024,Standard,Card,15,46.6
612,183,2024-06-25,2024,Standard,Card,0,47.52
613,288,2025-09-03,2025,Standard,Card,10,74.03
614,300,2025-01-30,2025,Standard,BankTransfer,0,114.0
615,82,2025-03-20,2025,Standard,PayPal,20,145.3
616,211,2024-08-20,2024,Next-day,Card,0,61.25
617,150,2024-03-16,2024,Standard,PayPal,10,15.86
618,37,2024-09-21,2024,Standard,Card,0,62.9
619,59,2025-03-30,2025,Standard,Card,5,58.76
620,131,2025-12-18,2025,Standard,Card,0,34.27
621,202,2026-01-04,2026,Standard,Card,0,24.37
622,243,2025-01-18,2025,Standard,Card,15,10.17
623,35,2025-07-17,2025,Standard,Card,15,65.87
624,93,2025-05-20,2025,Standard,PayPal,15,76.36
625,207,2025-01-01,2025,Next-day,Card,5,59.52
626,213,2024-05-23,2024,Express,Card,10,65.67
627,159,2024-03-09,2024,Standard,Card,0,10.06
628,24,2024-04-08,2024,Standard,,0,73.91
629,293,2025-01-30,2025,Standard,Card,0,28.41
630,4,2024-01-25,2024,Standard,Card,5,70.04
631,220,2025-04-13,2025,Standard,PayPal,0,26.22
632,20,2025-04-28,2025,Standard,Card,0,58.91
633,152,2025-07-18,2025,Standard,Card,0,53.74
634,50,2024-05-30,2024,,Card,10,69.63
635,177,2024-05-23,2024,Standard,Card,0,17.7
636,96,2025-07-22,2025,Next-day,Card,0,102.61
637,105,2024-02-08,2024,Express,Card,0,62.87
638,250,2024-04-18,2024,Standard,,0,68.47
639,117,2025-11-23,2025,Standard,Card,0,66.09
640,228,2024-02-11,2024,Express,Card,,50.91
641,66,2024-07-04,2024,Standard,Card,5,54.4
642,262,2025-02-01,2025,Express,Card,5,27.22
643,295,2024-08-10,2024,Standard,PayPal,0,91.55
644,243,2025-09-25,2025,Express,Card,10,47.49
645,186,2024-05-12,2024,,PayPal,0,78.12
646,246,2024-06-11,2024,Express,Card,0,94.35
647,125,2024-08-02,2024,Express,PayPal,10,123.52
648,268,2026-01-02,2026,Standard,Card,0,63.25
649,131,2024-08-22,2024,Standard,Card,0,38.52
650,237,2025-10-19,2025,Next-day,Card,15,41.94
651,18,2026-01-20,2026,Standard,PayPal,0,42.18
652,40,2025-08-10,2025,Express,Card,5,53.78
653,21,2024-01-09,2024,Standard,Card,0,50.96
654,225,2024-03-14,2024,Standard,Card,,62.33
655,282,2025-05-06,2025,Standard,PayPal,0,20.33
656,8,2024-09-09,2024,Standard,Card,0,5.99
657,100,2024-08-17,2024,Express,PayPal,5,79.86
658,240,2025-06-02,2025,Standard,Card,0,62.75
659,87,2024-06-22,2024,Standard,Card,0,59.03
660,298,2025-10-14,2025,Standard,Card,0,89.59
661,14,2024-06-16,2024,Standard,BankTransfer,,55.77
662,2,2024-06-18,2024,Express,Card,0,20.52
663,293,2025-01-27,2025,Next-day,PayPal,0,102.76
664,41,2025-09-25,2025,Standard,Card,15,20.32
665,111,2024-07-12,2024,Express,Card,0,63.77
666,14,2025-05-31,2025,Express,Card,0,80.01
667,231,2024-01-29,2024,Standard,Card,0,61.27
668,84,2024-06-13,2024,Next-day,PayPal,0,0.0
669,130,2025-02-25,2025,Standard,PayPal,15,15.86
670,231,2024-12-04,2024,Standard,PayPal,0,40.11
671,145,2025-10-09,2025,,Card,20,26.5
672,28,2025-05-10,2025,Standard,Card,,56.5
673,66,2024-12-30,2024,Express,Card,5,101.16
674,163,2024-12-07,2024,Express,BankTransfer,0,56.67
675,229,2025-05-14,2025,Standard,Card,15,12.27
676,261,2025-10-18,2025,Express,Card,0,34.36
677,164,2025-05-25,2025,Standard,Card,0,20.85
678,287,2024-11-22,2024,Standard,Card,0,22.56
679,10,2024-08-04,2024,Standard,BankTransfer,0,56.77
680,195,2024-10-27,2024,Express,Card,15,79.21
681,118,2024-05-11,2024,Standard,Card,0,23.35
682,270,2024-03-10,2024,Standard,Card,0,26.39
683,80,2024-09-08,2024,Standard,Card,10,5.15
684,93,2025-02-18,2025,Standard,Card,0,74.64
685,266,2026-02-25,2026,Standard,Card,,0.0
686,257,2025-03-20,2025,Standard,PayPal,5,32.16
687,133,2024-06-30,2024,Standard,PayPal,,19.4
688,276,2024-06-15,2024,Standard,Card,15,74.8
689,264,2024-03-31,2024,Express,Card,0,33.5
690,171,2025-12-14,2025,Standard,PayPal,0,0.0
691,1,2025-06-14,2025,Standard,Card,0,44.67
692,64,2024-02-08,2024,Next-day,Card,0,45.33
693,284,2024-05-05,2024,Standard,Card,5,39.12
694,121,2025-03-26,2025,Next-day,Card,15,55.45
695,107,2024-06-21,2024,Standard,Card,0,82.11
696,175,2025-10-14,2025,,BankTransfer,0,49.72
697,204,2026-01-23,2026,Standard,Card,20,38.47
698,165,2024-08-07,2024,Standard,Card,,75.31
699,120,2025-09-29,2025,Standard,Card,,41.49
700,44,2024-02-27,2024,Express,Card,0,27.15
701,156,2025-10-21,2025,Standard,Card,15,100.19
702,207,2025-04-20,2025,Standard,PayPal,0,36.99
703,108,2025-03-31,2025,Express,PayPal,10,39.3
704,251,2024-12-26,2024,Express,Card,10,42.72
705,130,2024-01-01,2024,Standard,PayPal,0,50.5
706,293,2025-01-21,2025,Express,PayPal,0,14.67
707,20,2024-12-13,2024,Express,PayPal,10,31.93
708,282,2024-07-08,2024,Standard,Card,0,46.08
709,285,2025-05-19,2025,Standard,Card,10,33.34
710,1,2024-07-09,2024,Standard,Card,15,89.51
711,119,2025-05-22,2025,Standard,Card,5,79.07
712,35,2025-01-03,2025,Standard,Card,5,74.5
713,198,2025-02-12,2025,Standard,Card,10,74.61
714,245,2024-04-26,2024,Standard,PayPal,10,53.96
715,59,2024-05-13,2024,Standard,PayPal,0,32.04
716,161,2024-02-27,2024,Standard,PayPal,0,48.25
717,179,2025-07-09,2025,Express,Card,,57.4
718,206,2025-11-15,2025,Express,Card,,46.86
719,12,2025-11-02,2025,Standard,Card,0,46.05
720,276,2024-06-21,2024,Next-day,Card,,9.58
721,181,2024-05-28,2024,Standard,Card,0,24.87
722,242,2024-03-20,2024,Standard,Card,5,9.08
723,216,2024-07-31,2024,Standard,Card,0,60.2
724,251,2024-07-21,2024,Standard,PayPal,5,72.97
725,299,2026-02-02,2026,Express,Card,0,41.98
726,126,2024-08-16,2024,Standard,Card,0,84.05
727,217,2025-11-06,2025,Standard,Card,0,89.81
728,285,2024-08-14,2024,Standard,Card,5,96.98
729,185,2025-10-20,2025,Standard,Card,0,118.47
730,39,2025-06-15,2025,Standard,Card,0,74.06
731,223,2025-03-16,2025,Standard,Card,20,37.84
732,184,2025-02-05,2025,Standard,Card,5,90.76
733,178,2024-02-16,2024,Express,Card,,63.41
734,294,2024-08-20,2024,Express,Card,0,0.0
735,151,2024-10-31,2024,Standard,Card,,66.93
736,126,2025-06-09,2025,Express,PayPal,15,81.25
737,234,2024-05-22,2024,Standard,Card,,77.81
738,8,2025-02-18,2025,Standard,Card,5,55.99
739,129,2025-05-27,2025,Standard,Card,0,10.62
740,264,2025-01-07,2025,Standard,PayPal,0,84.5
741,157,2025-07-19,2025,Next-day,PayPal,0,48.68
742,5,2024-09-15,2024,Standard,Card,0,15.48
743,86,2025-10-17,2025,Standard,Card,0,42.15
744,175,2025-04-15,2025,Standard,PayPal,0,49.41
745,290,2024-01-12,2024,Standard,Card,20,45.39
746,193,2024-11-25,2024,Express,Card,0,34.46
747,119,2026-01-05,2026,Standard,Card,5,72.69
748,218,2026-02-22,2026,Standard,PayPal,10,25.71
749,114,2024-12-23,2024,Standard,PayPal,,13.98
750,145,2025-02-11,2025,Standard,Card,0,79.1
751,26,2025-10-29,2025,Standard,Card,5,126.6
752,136,2025-01-07,2025,Standard,Card,5,77.29
753,232,2024-01-08,2024,Standard,Card,5,70.0
754,76,2024-05-01,2024,Standard,BankTransfer,10,28.19
755,289,2024-12-13,2024,Express,Card,20,19.62
756,1,2025-11-06,2025,,,0,62.28
757,147,2024-03-30,2024,Standard,Card,0,47.52
758,287,2025-10-09,2025,Standard,Card,5,0.0
759,142,2025-11-28,2025,Standard,Card,0,47.44
760,53,2024-11-11,2024,Express,Card,15,62.45
761,69,2024-06-26,2024,Standard,Card,0,15.01
762,90,2025-06-23,2025,Standard,Card,0,94.47
763,220,2026-01-01,2026,Standard,Card,10,36.66
764,192,2024-02-10,2024,Standard,Card,,86.13
765,63,2026-01-09,2026,Standard,Card,0,62.19
766,73,2025-12-04,2025,Standard,PayPal,0,26.58
767,161,2025-05-16,2025,Standard,PayPal,10,51.62
768,169,2024-05-24,2024,Standard,BankTransfer,0,0.0
769,89,2024-07-19,2024,Standard,Card,,18.56
770,176,2025-12-24,2025,Standard,BankTransfer,0,14.82
771,269,2025-04-05,2025,Standard,Card,10,51.87
772,73,2026-01-01,2026,Standard,Card,10,43.49
773,245,2026-01-21,2026,Standard,Card,0,30.0
774,77,2025-07-11,2025,Standard,Card,,40.91
775,159,2025-06-30,2025,Express,Card,0,0.0
776,98,2024-09-09,2024,Standard,Card,5,27.51
777,102,2025-01-24,2025,Standard,Card,0,39.82
778,132,2025-08-16,2025,Standard,Card,5,63.19
779,102,2024-09-12,2024,Standard,Card,0,104.4
780,19,2025-12-09,2025,Standard,Card,0,72.35
781,82,2025-03-25,2025,Standard,Card,0,16.64
782,279,2024-01-10,2024,Standard,PayPal,0,71.76
783,129,2024-08-29,2024,,PayPal,0,31.07
784,89,2024-09-07,2024,Standard,Card,10,3.99
785,213,2024-01-05,2024,Express,Card,5,73.23
786,143,2024-04-28,2024,Express,Card,0,67.02
787,65,2025-01-08,2025,Standard,PayPal,20,74.88
788,76,2024-03-05,2024,Express,Card,5,48.77
789,199,2024-05-25,2024,Standard,Card,15,60.25
790,143,2024-08-11,2024,Next-day,Card,0,31.9
791,93,2024-08-26,2024,Standard,Card,0,52.74
792,224,2024-06-25,2024,Standard,Card,0,113.42
793,291,2026-02-17,2026,Standard,PayPal,5,69.6
794,102,2024-10-08,2024,Standard,Card,0,53.33
795,267,2024-03-03,2024,Standard,Card,0,67.2
796,110,2024-08-04,2024,Standard,PayPal,0,50.52
797,265,2025-11-19,2025,Standard,PayPal,0,27.24
798,3,2025-04-05,2025,Standard,Card,5,20.85
799,85,2025-09-01,2025,Standard,,0,72.91
800,282,2024-04-14,2024,Standard,Card,0,58.08
801,117,2024-04-08,2024,Next-day,PayPal,5,10.51
802,221,2025-05-25,2025,Express,Card,20,10.38
803,154,2025-01-19,2025,Next-day,PayPal,5,78.95
804,153,2025-02-08,2025,Standard,Card,15,75.06
805,12,2025-06-01,2025,Standard,Card,10,61.99
806,133,2025-04-20,2025,Standard,Card,,9.62
807,293,2025-12-09,2025,Express,Card,0,25.49
808,300,2025-10-06,2025,Standard,Card,5,0.0
809,228,2026-02-09,2026,Standard,Card,5,49.56
810,271,2025-03-12,2025,Standard,Card,5,49.4
811,43,2024-01-23,2024,Next-day,BankTransfer,0,44.77
812,21,2025-07-18,2025,Standard,Card,0,90.85
813,107,2025-11-07,2025,Standard,Card,0,11.28
814,117,2025-12-14,2025,Standard,Card,,41.53
815,124,2025-04-02,2025,Standard,Card,0,28.44
816,281,2024-03-23,2024,Standard,Card,10,91.41
817,292,2024-05-24,2024,Standard,Card,0,100.91
818,203,2024-03-25,2024,Standard,PayPal,,50.77
819,51,2024-03-18,2024,Express,Card,0,64.77
820,271,2025-04-01,2025,Standard,Card,5,25.34
821,277,2024-01-01,2024,Express,Card,0,55.08
822,141,2024-02-20,2024,Express,Card,0,90.94
823,275,2025-11-15,2025,Standard,Card,0,76.76
824,290,2025-12-17,2025,Standard,PayPal,0,21.42
825,52,2026-02-10,2026,Standard,PayPal,15,26.22
826,27,2025-03-21,2025,Express,Card,15,50.17
827,157,2025-03-24,2025,Standard,Card,0,20.85
828,239,2025-05-02,2025,Standard,Card,0,22.34
829,156,2024-02-03,2024,Standard,Card,5,87.33
830,291,2024-12-13,2024,Standard,Card,0,80.41
831,136,2024-04-04,2024,Standard,Card,0,14.46
832,144,2024-03-12,2024,Standard,Card,,10.61
833,106,2025-07-04,2025,Standard,Card,15,49.42
834,158,2024-06-02,2024,Standard,Card,0,43.36
835,146,2024-09-06,2024,Standard,Card,0,57.36
836,2,2025-11-04,2025,Standard,Card,5,32.98
837,77,2025-03-13,2025,Standard,Card,,45.14
838,132,2024-04-27,2024,Standard,PayPal,0,12.74
839,90,2026-02-09,2026,Express,Card,20,5.11
840,263,2024-11-01,2024,Standard,Card,0,57.7
841,108,2024-09-24,2024,Standard,Card,5,86.33
842,74,2024-02-23,2024,Standard,,0,73.38
843,39,2024-08-23,2024,Standard,Card,0,7.31
844,159,2025-01-23,2025,Standard,Card,0,31.06
845,71,2026-01-03,2026,,Card,0,88.28
846,241,2026-02-01,2026,Express,Card,0,37.75
847,298,2025-02-04,2025,Standard,BankTransfer,10,10.13
848,36,2025-09-15,2025,Standard,Card,0,63.34
849,84,2026-02-05,2026,Standard,PayPal,0,62.81
850,263,2024-10-29,2024,Standard,PayPal,0,34.05
851,172,2024-07-25,2024,Standard,PayPal,10,43.44
852,173,2024-08-16,2024,Standard,Card,0,68.25
853,47,2025-07-31,2025,Standard,Card,0,64.71
854,141,2024-03-15,2024,Standard,Card,0,16.98
855,118,2025-03-10,2025,Standard,PayPal,0,48.86
856,277,2024-04-12,2024,Standard,Card,0,20.18
857,214,2025-02-25,2025,Standard,Card,10,86.51
858,220,2025-12-04,2025,,Card,0,29.13
859,26,2026-02-02,2026,Next-day,Card,0,22.71
860,9,2026-01-07,2026,Standard,PayPal,0,46.24
861,271,2024-11-01,2024,Standard,Card,10,47.55
862,10,2024-04-07,2024,Standard,PayPal,,40.25
863,121,2024-11-30,2024,Express,Card,0,94.33
864,125,2025-03-10,2025,Express,PayPal,0,88.75
865,170,2025-03-22,2025,Standard,Card,0,45.53
866,72,2024-11-03,2024,Next-day,Card,0,32.7
867,152,2024-09-05,2024,Standard,PayPal,0,38.36
868,208,2024-06-14,2024,Standard,Card,0,54.89
869,49,2025-04-25,2025,Express,PayPal,0,66.74
870,154,2024-11-30,2024,Express,Card,0,17.37
871,293,2025-06-25,2025,Standard,Card,0,27.7
872,68,2026-01-28,2026,Standard,Card,0,68.63
873,50,2024-04-15,2024,Standard,Card,10,63.84
874,152,2025-07-16,2025,Standard,Card,20,65.19
875,19,2024-03-21,2024,Express,Card,20,68.82
876,100,2024-05-12,2024,Standard,Card,10,73.79
877,60,2024-05-17,2024,Standard,,5,48.3
878,167,2024-07-02,2024,Standard,BankTransfer,5,0.0
879,202,2025-02-04,2025,Standard,BankTransfer,0,122.57
880,146,2024-11-25,2024,Standard,Card,5,91.92
881,164,2026-02-23,2026,Standard,Card,0,75.68
882,242,2025-05-22,2025,Next-day,Card,0,49.47
883,69,2024-03-09,2024,Express,Card,10,99.27
884,175,2025-06-29,2025,Standard,PayPal,,37.05
885,49,2026-02-12,2026,Express,PayPal,0,30.39
886,108,2024-02-22,2024,Express,Card,15,81.27
887,226,2025-03-25,2025,Express,PayPal,0,35.15
888,161,2024-07-23,2024,Standard,Card,0,53.26
889,119,2024-05-05,2024,Standard,BankTransfer,,14.08
890,149,2026-01-16,2026,Standard,Card,5,27.97
891,150,2024-02-12,2024,Standard,Card,0,32.92
892,293,2026-01-21,2026,Standard,Card,0,95.2
893,143,2024-04-20,2024,Standard,Card,0,47.23
894,160,2026-01-30,2026,Standard,Card,,39.06
895,11,2025-10-24,2025,Standard,PayPal,,38.22
896,138,2024-07-01,2024,Standard,Card,0,79.33
897,78,2024-04-04,2024,Standard,Card,0,22.44
898,77,2025-01-08,2025,Next-day,Card,0,39.03
899,254,2025-06-03,2025,Express,Card,20,78.75
900,258,2024-12-25,2024,Express,Card,0,77.17
901,291,2025-11-26,2025,Next-day,Card,5,137.33
902,263,2024-10-07,2024,Standard,Card,0,109.86
903,85,2024-07-13,2024,Next-day,Card,5,70.98
904,146,2024-07-13,2024,Standard,Card,15,7.53
905,42,2025-10-28,2025,Standard,PayPal,0,70.08
906,125,2024-04-02,2024,Standard,PayPal,0,94.27
907,167,2025-11-02,2025,Standard,Card,0,24.96
908,241,2024-03-01,2024,Standard,Card,10,30.51
909,280,2025-09-25,2025,Standard,Card,0,64.23
910,188,2024-02-20,2024,Express,Card,,23.52
911,19,2025-02-06,2025,Standard,Card,5,92.33
912,68,2026-02-27,2026,Standard,Card,15,12.94
913,218,2024-01-05,2024,Express,Card,5,76.97
914,102,2025-04-10,2025,Standard,Card,0,82.46
915,42,2025-08-26,2025,Standard,Card,,17.19
916,288,2025-11-12,2025,Standard,PayPal,0,21.84
917,167,2025-06-17,2025,Standard,BankTransfer,,127.36
918,109,2025-02-08,2025,Standard,Card,10,88.24
919,36,2025-05-27,2025,Express,Card,5,72.32
920,232,2025-10-06,2025,Standard,PayPal,0,68.8
921,229,2024-08-20,2024,Standard,PayPal,0,57.21
922,164,2025-06-07,2025,Express,Card,10,21.57
923,73,2024-12-11,2024,Standard,Card,0,33.45
924,136,2024-02-15,2024,Standard,Card,0,57.19
925,70,2025-06-29,2025,,Card,,49.79
926,196,2024-03-18,2024,Standard,Card,0,0.0
927,269,2025-12-30,2025,Standard,Card,0,27.24
928,49,2024-03-13,2024,Standard,Card,0,42.52
929,130,2024-09-05,2024,Standard,Card,0,13.96
930,5,2024-02-16,2024,Next-day,PayPal,20,76.2
931,27,2024-04-30,2024,Standard,Card,0,87.09
932,160,2024-08-01,2024,Standard,Card,0,24.7
933,149,2024-08-26,2024,Standard,Card,0,7.2
934,264,2024-02-25,2024,Standard,Card,10,95.74
935,230,2024-12-15,2024,Standard,BankTransfer,0,62.58
936,200,2024-04-16,2024,Standard,Card,0,61.78
937,50,2024-02-17,2024,Express,Card,0,0.0
938,67,2025-07-26,2025,Standard,Card,0,75.76
939,300,2024-12-02,2024,Standard,,0,54.95
940,58,2024-01-26,2024,Standard,PayPal,,37.33
941,259,2024-09-13,2024,Standard,Card,15,49.92
942,130,2024-01-08,2024,Standard,Card,0,10.19
943,215,2025-09-16,2025,Standard,Card,0,23.51
944,172,2024-09-09,2024,Standard,Card,15,65.88
945,258,2025-11-22,2025,Standard,PayPal,0,34.46
946,102,2025-12-19,2025,Express,PayPal,10,79.27
947,209,2024-10-29,2024,Next-day,,,67.35
948,291,2025-09-30,2025,Express,Card,15,16.09
949,286,2024-02-25,2024,Express,PayPal,10,91.34
950,116,2025-12-26,2025,Standard,PayPal,15,20.85
951,264,2025-06-09,2025,Next-day,Card,5,147.12
952,150,2025-04-18,2025,Standard,Card,0,50.82
953,300,2024-01-28,2024,Next-day,Card,15,0.0
954,36,2024-03-18,2024,Next-day,PayPal,0,5.96
955,287,2024-08-03,2024,Standard,Card,,48.72
956,208,2025-01-20,2025,Next-day,Card,5,67.27
957,106,2024-12-30,2024,Standard,PayPal,10,21.82
958,158,2025-10-27,2025,Standard,Card,15,19.53
959,121,2025-06-09,2025,Standard,Card,0,125.66
960,55,2025-11-29,2025,Standard,Card,10,102.56
961,12,2024-11-07,2024,Standard,Card,5,77.46
962,145,2024-01-07,2024,Standard,,0,55.86
963,136,2024-01-03,2024,Next-day,Card,0,12.68
964,3,2025-09-14,2025,Standard,Card,0,52.14
965,144,2026-01-19,2026,Express,Card,0,52.0
966,30,2024-12-28,2024,Express,PayPal,20,77.92
967,237,2026-01-20,2026,Express,PayPal,5,36.65
968,279,2025-05-22,2025,Next-day,Card,5,34.58
969,115,2024-09-30,2024,Standard,Card,,8.51
970,104,2025-05-20,2025,Next-day,Card,0,0.0
971,118,2026-01-08,2026,Express,Card,10,27.89
972,5,2024-01-15,2024,Standard,Card,0,61.98
973,248,2024-07-10,2024,Standard,Card,10,72.29
974,121,2025-09-22,2025,Standard,Card,0,8.16
975,286,2025-04-29,2025,Standard,Card,,32.17
976,149,2024-01-28,2024,Standard,Card,0,29.76
977,84,2025-12-14,2025,Standard,Card,0,102.81
978,231,2024-02-08,2024,Standard,Card,10,62.14
979,288,2024-09-29,2024,Standard,Card,0,79.43
980,161,2024-08-18,2024,Express,Card,5,22.29
981,272,2024-03-26,2024,Standard,PayPal,0,92.42
982,38,2025-04-18,2025,Standard,PayPal,5,40.51
983,226,2024-05-05,2024,Standard,Card,0,32.99
984,142,2025-06-20,2025,Standard,Card,0,10.93
985,292,2024-05-24,2024,Express,Card,0,22.56
986,151,2025-06-08,2025,Standard,Card,0,89.86
987,114,2024-07-30,2024,Standard,Card,,40.23
988,237,2024-01-25,2024,Standard,PayPal,0,57.18
989,66,2025-08-02,2025,Standard,Card,0,58.49
990,258,2025-01-28,2025,Express,PayPal,0,17.1
991,249,2024-03-07,2024,Standard,Card,0,56.13
992,180,2024-08-20,2024,Standard,Card,15,58.41
993,190,2024-04-18,2024,Standard,Card,0,11.58
994,154,2024-05-25,2024,Standard,Card,0,89.32
995,196,2024-04-20,2024,Standard,Card,5,8.55
996,262,2024-08-15,2024,Standard,Card,0,24.28
997,143,2024-04-20,2024,Standard,Card,5,73.57
998,101,2025-04-14,2025,Standard,BankTransfer,0,30.82
999,244,2024-02-03,2024,Standard,Card,0,17.03
1000,12,2025-09-14,2025,Express,BankTransfer,0,52.78
1001,239,2026-02-14,2026,Next-day,BankTransfer,5,73.52
1002,49,2025-01-03,2025,Standard,PayPal,5,57.13
1003,42,2026-01-17,2026,Express,Card,0,51.31
1004,166,2025-08-17,2025,Standard,,0,24.7
1005,82,2025-07-07,2025,Standard,PayPal,20,49.37
1006,291,2025-02-28,2025,Express,Card,,85.86
1007,158,2025-09-04,2025,Express,Card,0,57.88
1008,216,2025-06-01,2025,Next-day,Card,,26.97
1009,158,2025-11-22,2025,,Card,5,24.7
1010,134,2024-10-08,2024,Standard,Card,0,71.94
1011,67,2024-11-15,2024,Express,Card,10,16.94
1012,7,2026-01-07,2026,Standard,Card,10,0.0
1013,14,2025-03-18,2025,Standard,PayPal,,56.9
1014,73,2024-11-10,2024,Standard,Card,0,70.64
1015,163,2026-01-10,2026,Standard,PayPal,0,17.98
1016,66,2025-01-11,2025,Standard,Card,20,19.8
1017,130,2024-10-15,2024,Standard,PayPal,5,31.52
1018,206,2025-03-12,2025,Express,Card,0,37.72
1019,276,2025-10-23,2025,Standard,PayPal,10,41.37
1020,256,2024-10-03,2024,Standard,Card,0,23.63
1021,266,2025-12-10,2025,Standard,PayPal,0,93.82
1022,25,2025-08-04,2025,Standard,Card,0,50.04
1023,281,2025-05-17,2025,Standard,PayPal,,50.26
1024,253,2025-09-15,2025,Standard,BankTransfer,15,63.84
1025,289,2025-05-30,2025,Express,Card,0,27.74
1026,164,2024-12-15,2024,Standard,Card,10,15.27
1027,95,2025-03-21,2025,Next-day,PayPal,0,43.49
1028,270,2024-12-15,2024,Standard,Card,0,33.83
1029,110,2025-08-29,2025,,PayPal,20,72.02
1030,238,2025-10-25,2025,Standard,Card,,87.11
1031,25,2024-05-16,2024,Standard,Card,0,34.35
1032,141,2026-01-28,2026,Express,BankTransfer,,96.71
1033,117,2024-08-30,2024,Standard,Card,10,80.8
1034,25,2025-06-26,2025,Standard,PayPal,0,86.94
1035,79,2024-02-09,2024,Express,Card,0,34.09
1036,68,2024-08-16,2024,Express,Card,0,60.09
1037,173,2025-07-01,2025,Express,Card,0,17.38
1038,12,2024-08-10,2024,,Card,10,68.69
1039,288,2024-01-06,2024,Express,Card,0,82.09
1040,128,2024-11-17,2024,Standard,Card,0,21.83
1041,96,2025-04-12,2025,Standard,Card,0,85.09
1042,92,2026-01-01,2026,Standard,Card,0,32.24
1043,141,2024-03-15,2024,Standard,PayPal,15,7.38
1044,31,2024-01-04,2024,Standard,Card,0,27.24
1045,20,2025-10-07,2025,Standard,Card,20,55.22
1046,146,2024-04-27,2024,Express,Card,0,49.89
1047,160,2025-08-28,2025,Standard,Card,0,53.26
1048,43,2025-05-18,2025,Standard,Card,,43.45
1049,254,2025-07-27,2025,Standard,Card,0,71.84
1050,130,2025-03-16,2025,Express,Card,5,29.09
1051,60,2024-07-12,2024,Standard,Card,20,11.97
1052,151,2025-12-15,2025,Standard,Card,0,13.48
1053,287,2025-01-26,2025,Express,PayPal,0,22.28
1054,5,2024-01-26,2024,Express,Card,5,58.83
1055,266,2025-03-10,2025,Standard,Card,0,21.6
1056,130,2024-06-21,2024,Standard,Card,0,49.67
1057,267,2024-10-26,2024,Express,Card,0,20.62
1058,178,2025-10-06,2025,Standard,PayPal,0,77.65
1059,253,2024-11-21,2024,,Card,10,49.53
1060,56,2025-02-13,2025,Express,Card,0,70.83
1061,83,2024-04-27,2024,Standard,Card,0,47.85
1062,99,2026-02-25,2026,Standard,Card,,105.45
1063,149,2025-12-24,2025,Standard,Card,0,148.92
1064,156,2024-08-12,2024,Standard,Card,0,74.25
1065,190,2025-06-15,2025,Standard,Card,10,17.37
1066,263,2024-04-22,2024,Express,Card,,28.27
1067,80,2024-05-19,2024,Standard,Card,10,85.81
1068,252,2025-07-12,2025,Standard,Card,,10.17
1069,97,2024-01-01,2024,Standard,Card,,45.81
1070,260,2024-03-30,2024,Standard,Card,0,49.59
1071,260,2025-10-15,2025,Next-day,BankTransfer,0,153.34
1072,103,2024-11-15,2024,Standard,Card,0,79.69
1073,40,2025-07-03,2025,Standard,PayPal,15,19.7
1074,273,2024-05-18,2024,Standard,Card,15,48.06
1075,101,2025-05-25,2025,Standard,Card,,58.58
1076,221,2024-09-15,2024,Standard,Card,5,33.92
1077,124,2025-11-03,2025,Standard,Card,15,24.01
1078,231,2025-11-20,2025,Next-day,Card,20,81.74
1079,178,2024-01-10,2024,Standard,Card,0,38.68
1080,63,2024-09-17,2024,Standard,Card,0,67.21
1081,116,2025-10-11,2025,Standard,PayPal,0,44.3
1082,191,2024-06-20,2024,Express,Card,20,71.46
1083,62,2024-01-13,2024,Standard,Card,0,17.73
1084,256,2024-06-16,2024,Standard,Card,0,13.89
1085,7,2025-10-03,2025,Standard,Card,0,55.54
1086,155,2025-08-18,2025,Standard,Card,0,127.98
1087,92,2024-11-16,2024,Express,,0,64.11
1088,14,2024-11-14,2024,Standard,PayPal,20,19.61
1089,229,2025-09-04,2025,Standard,PayPal,,77.73
1090,86,2024-11-24,2024,Express,Card,0,19.61
1091,133,2026-02-23,2026,Express,Card,,32.29
1092,183,2026-02-15,2026,Next-day,PayPal,0,43.12
1093,62,2025-07-03,2025,Express,Card,0,72.79
1094,219,2025-02-22,2025,Standard,Card,0,113.94
1095,246,2025-08-28,2025,Standard,Card,0,25.65
1096,230,2024-04-04,2024,Standard,Card,0,83.79
1097,79,2025-08-03,2025,Standard,,0,25.34
1098,149,2024-11-13,2024,Standard,Card,,39.74
1099,138,2024-08-23,2024,Standard,Card,,79.08
1100,65,2024-11-29,2024,Standard,Card,15,6.32
1101,13,2025-01-10,2025,Express,Card,0,53.82
1102,213,2025-04-03,2025,Standard,Card,0,30.27
1103,242,2024-05-16,2024,Next-day,Card,15,57.09
1104,213,2025-08-10,2025,Standard,Card,0,71.38
1105,181,2025-06-30,2025,Standard,Card,10,24.14
1106,173,2025-05-27,2025,Standard,Card,15,109.66
1107,160,2024-10-22,2024,Standard,Card,0,11.93
1108,164,2024-11-15,2024,Standard,PayPal,0,51.46
1109,188,2025-07-25,2025,Express,PayPal,20,78.15
1110,191,2024-12-14,2024,Standard,Card,,101.29
1111,256,2026-02-17,2026,Standard,Card,0,13.86
1112,183,2024-08-16,2024,Standard,Card,0,29.3
1113,117,2024-09-26,2024,Standard,Card,0,68.97
1114,282,2024-10-17,2024,Express,PayPal,5,49.41
1115,196,2025-12-25,2025,Express,Card,5,13.08
1116,34,2024-06-13,2024,Standard,Card,20,27.76
1117,52,2024-01-05,2024,,Card,0,92.96
1118,112,2025-01-13,2025,Standard,Card,,6.24
1119,252,2024-03-18,2024,Express,Card,0,43.6
1120,82,2025-02-13,2025,Standard,Card,0,17.08
1121,232,2025-07-27,2025,Standard,Card,0,14.7
1122,227,2024-05-11,2024,Express,PayPal,,30.22
1123,233,2025-08-23,2025,Standard,BankTransfer,10,86.14
1124,221,2026-01-18,2026,Express,Card,0,42.64
1125,42,2024-02-11,2024,Standard,Card,5,32.18
1126,21,2024-03-29,2024,Standard,Card,0,49.92
1127,42,2025-02-05,2025,Standard,Card,0,36.5
1128,113,2024-10-22,2024,,Card,5,21.69
1129,105,2024-10-21,2024,Express,Card,0,104.2
1130,192,2025-09-07,2025,Standard,Card,20,12.18
1131,17,2025-06-09,2025,Standard,Card,5,70.81
1132,120,2025-11-21,2025,Standard,Card,0,0.0
1133,129,2025-09-28,2025,Express,Card,10,82.86
1134,130,2025-02-25,2025,Standard,Card,0,44.23
1135,60,2024-01-23,2024,Standard,Card,0,5.99
1136,48,2025-07-28,2025,Standard,BankTransfer,,37.14
1137,29,2024-05-22,2024,Express,Card,,14.22
1138,97,2025-10-26,2025,Standard,Card,10,72.6
1139,10,2024-05-24,2024,Standard,PayPal,,7.17
1140,242,2024-08-12,2024,Standard,,10,85.67
1141,232,2025-05-17,2025,Express,Card,0,66.69
1142,277,2025-09-07,2025,Standard,PayPal,0,96.85
1143,284,2024-04-13,2024,Standard,Card,10,62.41
1144,203,2024-02-08,2024,Next-day,Card,0,60.68
1145,247,2024-07-16,2024,Standard,Card,0,101.28
1146,290,2025-10-07,2025,Standard,Card,0,4.63
1147,264,2025-08-01,2025,Standard,Card,0,48.78
1148,214,2025-01-25,2025,Express,,,70.66
1149,200,2024-06-27,2024,,Card,5,52.4
1150,79,2025-07-07,2025,Next-day,Card,0,9.08
1151,173,2025-03-23,2025,Standard,Card,0,62.13
1152,69,2025-05-14,2025,Standard,Card,,42.69
1153,87,2024-01-15,2024,Standard,,0,47.53
1154,101,2025-09-14,2025,Express,Card,10,63.85
1155,8,2025-10-30,2025,Standard,PayPal,0,82.65
1156,200,2024-10-15,2024,Express,PayPal,0,64.18
1157,87,2025-04-22,2025,Standard,Card,10,25.65
1158,43,2024-08-18,2024,Standard,Card,0,8.52
1159,109,2025-02-23,2025,Standard,Card,5,39.66
1160,152,2024-06-05,2024,Express,,0,8.0
1161,17,2025-07-03,2025,Standard,Card,0,29.57
1162,133,2025-03-16,2025,Standard,Card,0,63.87
1163,148,2024-04-06,2024,Standard,Card,0,49.83
1164,277,2025-02-14,2025,Express,Card,10,18.72
1165,232,2024-10-15,2024,Standard,PayPal,0,142.04
1166,228,2024-09-10,2024,Express,Card,20,57.63
1167,139,2024-07-14,2024,Standard,Card,20,100.75
1168,211,2025-08-20,2025,Standard,BankTransfer,0,18.72
1169,28,2025-06-05,2025,Standard,Card,0,16.4
1170,51,2025-05-31,2025,Express,Card,15,6.71
1171,261,2025-09-26,2025,Express,Card,20,95.91
1172,261,2024-04-27,2024,Standard,Card,0,0.0
1173,8,2024-06-07,2024,Standard,Card,0,40.08
1174,138,2024-08-15,2024,Standard,,0,17.04
1175,38,2024-08-03,2024,Standard,Card,5,56.78
1176,111,2025-11-26,2025,Standard,Card,0,65.57
1177,220,2024-01-15,2024,Standard,Card,5,10.93
1178,223,2024-06-05,2024,Standard,Card,,14.38
1179,136,2025-10-09,2025,Standard,Card,0,6.32
1180,256,2024-09-17,2024,Standard,PayPal,0,54.32
1181,49,2024-06-05,2024,Standard,Card,0,87.64
1182,292,2024-02-16,2024,Standard,Card,0,37.05
1183,78,2024-11-19,2024,Standard,Card,0,10.97
1184,105,2025-11-15,2025,Express,Card,0,45.66
1185,169,2024-05-09,2024,Standard,Card,0,7.56
1186,217,2025-02-14,2025,Standard,Card,0,87.8
1187,119,2024-04-04,2024,Standard,PayPal,20,21.26
1188,190,2025-09-18,2025,Standard,PayPal,0,40.01
1189,255,2026-01-24,2026,Standard,Card,0,13.52
1190,266,2024-10-18,2024,Standard,Card,0,63.51
1191,149,2024-10-09,2024,Express,Card,20,22.48
1192,164,2024-03-09,2024,Standard,Card,0,32.52
1193,140,2025-10-21,2025,Standard,Card,5,133.86
1194,258,2024-01-11,2024,Standard,Card,5,100.67
1195,269,2024-09-10,2024,Standard,Card,5,22.14
1196,181,2025-07-03,2025,Standard,Card,0,50.86
1197,160,2024-05-13,2024,Express,Card,5,36.78
1198,288,2025-12-12,2025,Standard,PayPal,0,68.67
1199,288,2024-01-23,2024,Standard,Card,0,112.67
1200,226,2024-12-11,2024,Standard,Card,5,50.73
