order_id,book_id,quantity,unit_price
1,BK096,3.0,5.79
1,BK016,2.0,
1,BK031,2.0,7.31
1,BK160,1.0,13.83
2,BK173,2.0,7.23
2,BK056,2.0,9.34
2,BK174,3.0,19.61
2,BK034,1.0,6.58
3,BK173,2.0,7.23
3,BK104,1.0,7.89
3,BK063,3.0,6.42
4,BK093,2.0,10.09
4,BK185,1.0,6.34
4,BK150,1.0,12.36
4,BK193,3.0,12.2
5,BK027,3.0,10.13
5,BK155,3.0,11.93
5,BK194,1.0,5.61
5,BK149,2.0,8.52
5,BK136,2.0,7.6
6,BK117,1.0,5.79
6,BK179,3.0,10.16
7,BK189,1.0,6.02
7,BK136,2.0,7.6
7,BK050,1.0,10.13
7,BK159,1.0,7.27
7,BK105,2.0,6.6
8,BK090,2.0,5.0
8,BK145,1.0,8.2
8,BK001,2.0,10.93
8,BK129,2.0,11.76
9,BK070,3.0,6.3
10,BK144,2.0,16.51
10,BK046,2.0,5.91
10,BK003,1.0,9.58
10,BK011,1.0,16.16
11,BK158,2.0,10.58
11,BK067,2.0,10.97
11,BK111,2.0,7.43
12,BK193,1.0,12.2
12,BK087,2.0,15.27
12,BK157,2.0,16.53
12,BK148,1.0,6.47
13,BK128,2.0,8.29
13,BK174,2.0,19.61
14,BK108,3.0,17.63
14,BK043,1.0,
14,BK034,3.0,6.58
15,BK024,3.0,
15,BK065,2.0,13.11
15,BK117,3.0,5.79
15,BK053,2.0,
16,BK044,1.0,7.97
16,BK085,3.0,10.61
16,BK010,2.0,4.97
17,BK172,3.0,7.19
17,BK147,3.0,12.15
17,BK149,3.0,8.52
17,BK016,3.0,
17,BK141,1.0,10.51
18,BK176,3.0,15.13
18,BK103,2.0,8.07
18,BK189,3.0,6.02
19,BK068,2.0,6.38
19,BK089,1.0,14.57
19,BK066,3.0,3.99
19,BK093,3.0,10.09
19,BK158,2.0,10.58
20,BK120,3.0,
21,BK131,2.0,
21,BK111,2.0,7.43
21,BK087,2.0,15.27
21,BK045,1.0,5.91
21,BK133,1.0,16.75
22,BK162,2.0,
22,BK087,3.0,15.27
22,BK031,2.0,7.31
22,BK010,2.0,4.97
23,BK138,2.0,11.45
23,BK123,2.0,7.28
24,BK147,3.0,12.15
24,BK159,1.0,7.27
24,BK196,2.0,14.67
24,BK166,1.0,11.34
24,BK151,3.0,10.17
25,BK005,3.0,8.6
25,BK007,3.0,9.15
25,BK180,3.0,17.26
26,BK007,3.0,9.15
26,BK094,1.0,12.74
26,BK166,2.0,11.34
27,BK038,3.0,4.64
27,BK095,3.0,5.48
28,BK160,1.0,13.83
28,BK180,3.0,17.26
28,BK072,2.0,9.08
28,BK158,3.0,10.58
29,BK034,1.0,6.58
29,BK140,2.0,6.95
29,BK062,,6.32
29,BK180,3.0,17.26
30,BK188,3.0,13.19
30,BK040,2.0,8.0
31,BK059,1.0,16.91
31,BK078,3.0,6.71
32,BK064,3.0,5.03
33,BK120,,7.16
34,BK113,3.0,15.86
35,BK029,3.0,5.11
35,BK110,2.0,15.83
35,BK097,1.0,
36,BK006,2.0,12.14
36,BK034,2.0,6.58
36,BK134,2.0,23.71
36,BK119,2.0,9.56
36,BK092,3.0,7.91
37,BK086,2.0,7.24
37,BK074,3.0,15.18
37,BK144,2.0,16.51
37,BK003,2.0,9.58
38,BK094,1.0,12.74
39,BK081,2.0,8.55
39,BK148,2.0,6.47
39,BK039,1.0,13.04
40,BK019,2.0,14.23
41,BK093,2.0,10.09
41,BK071,,16.09
42,BK010,3.0,4.97
43,BK105,3.0,6.6
43,BK016,2.0,
43,BK064,3.0,5.03
43,BK161,2.0,14.3
44,BK068,3.0,6.38
44,BK084,2.0,8.55
45,BK184,2.0,17.57
45,BK111,2.0,7.43
45,BK117,2.0,5.79
45,BK190,2.0,12.67
46,BK016,1.0,
47,BK197,3.0,10.91
47,BK027,3.0,10.13
47,BK094,1.0,12.74
47,BK091,,7.75
47,BK160,2.0,13.83
48,BK089,1.0,14.57
48,BK061,1.0,6.99
49,BK144,3.0,16.51
49,BK098,2.0,15.3
49,BK107,3.0,14.49
49,BK172,3.0,7.19
49,BK119,2.0,9.56
50,BK020,1.0,9.13
50,BK127,1.0,10.9
50,BK160,2.0,13.83
50,BK132,1.0,9.48
51,BK129,3.0,11.76
52,BK015,1.0,7.17
52,BK091,3.0,7.75
52,BK143,3.0,11.56
52,BK040,2.0,8.0
52,BK023,2.0,8.99
53,BK044,1.0,7.97
53,BK178,1.0,10.97
53,BK042,1.0,13.02
53,BK025,3.0,9.97
53,BK103,2.0,8.07
54,BK058,2.0,9.86
55,BK009,1.0,5.51
56,BK044,2.0,7.97
56,BK037,1.0,6.93
56,BK024,2.0,
57,BK137,3.0,8.18
57,BK051,1.0,6.32
57,BK092,3.0,7.91
57,BK085,3.0,10.61
57,BK100,2.0,5.85
58,BK163,1.0,
58,BK039,1.0,13.04
58,BK010,1.0,4.97
58,BK034,2.0,6.58
58,BK185,3.0,6.34
59,BK118,1.0,14.28
60,BK112,3.0,11.17
60,BK137,2.0,8.18
60,BK141,2.0,10.51
60,BK114,2.0,8.52
61,BK170,1.0,13.98
61,BK084,3.0,8.55
61,BK145,2.0,8.2
61,BK150,3.0,12.36
61,BK138,1.0,11.45
62,BK161,3.0,14.3
62,BK126,2.0,8.86
62,BK075,3.0,9.63
62,BK088,,7.2
63,BK023,3.0,8.99
64,BK087,2.0,15.27
64,BK154,1.0,3.99
64,BK099,2.0,10.17
64,BK190,3.0,12.67
65,BK011,2.0,16.16
65,BK130,3.0,6.53
65,BK019,3.0,14.23
66,BK064,3.0,5.03
66,BK176,2.0,15.13
66,BK098,2.0,15.3
66,BK025,1.0,9.97
66,BK148,3.0,6.47
67,BK059,3.0,16.91
67,BK070,3.0,6.3
67,BK105,1.0,6.6
68,BK041,2.0,8.97
69,BK012,2.0,12.47
69,BK109,1.0,6.09
70,BK059,3.0,16.91
70,BK156,1.0,8.16
71,BK164,,7.23
71,BK035,1.0,9.92
72,BK097,2.0,5.15
72,BK090,3.0,5.0
72,BK161,1.0,14.3
73,BK104,2.0,7.89
73,BK093,1.0,10.09
73,BK051,1.0,6.32
73,BK197,2.0,
74,BK024,,
74,BK054,3.0,7.48
75,BK026,,4.71
75,BK156,2.0,8.16
75,BK099,1.0,10.17
76,BK002,1.0,
76,BK111,3.0,7.43
76,BK060,3.0,9.28
76,BK128,1.0,8.29
76,BK058,3.0,9.86
77,BK041,3.0,8.97
77,BK180,1.0,17.26
77,BK079,,7.38
77,BK106,3.0,5.99
77,BK147,3.0,12.15
78,BK019,3.0,14.23
78,BK025,3.0,9.97
78,BK036,2.0,5.31
78,BK180,3.0,17.26
79,BK176,2.0,15.13
79,BK188,3.0,13.19
79,BK019,1.0,14.23
79,BK151,2.0,10.17
80,BK007,1.0,9.15
81,BK131,2.0,13.48
82,BK188,1.0,13.19
82,BK006,3.0,12.14
83,BK192,2.0,8.51
83,BK180,1.0,17.26
83,BK188,2.0,13.19
84,BK124,3.0,8.12
85,BK129,2.0,11.76
85,BK028,1.0,7.21
86,BK151,1.0,10.17
87,BK196,1.0,14.67
88,BK080,1.0,8.69
88,BK026,1.0,4.71
88,BK039,1.0,13.04
88,BK170,3.0,13.98
88,BK196,1.0,14.67
89,BK141,2.0,10.51
89,BK068,1.0,6.38
90,BK118,3.0,14.28
91,BK035,2.0,9.92
91,BK096,1.0,5.79
91,BK046,2.0,5.91
91,BK039,1.0,13.04
92,BK022,3.0,16.47
92,BK016,1.0,
92,BK154,3.0,3.99
93,BK031,3.0,7.31
93,BK079,3.0,7.38
93,BK112,3.0,11.17
93,BK020,3.0,9.13
93,BK102,3.0,14.48
94,BK097,2.0,5.15
94,BK168,1.0,11.57
94,BK174,1.0,19.61
94,BK085,1.0,10.61
95,BK200,1.0,11.74
95,BK132,3.0,9.48
95,BK044,2.0,7.97
95,BK073,3.0,12.38
96,BK190,3.0,12.67
96,BK029,2.0,5.11
96,BK024,1.0,
97,BK147,3.0,12.15
97,BK134,,23.71
97,BK142,3.0,8.55
98,BK193,3.0,12.2
98,BK178,2.0,10.97
99,BK187,3.0,9.24
100,BK033,1.0,5.9
100,BK042,1.0,13.02
101,BK136,1.0,7.6
101,BK116,2.0,
102,BK091,2.0,7.75
103,BK045,1.0,5.91
104,BK060,2.0,9.28
105,BK143,2.0,11.56
106,BK109,2.0,6.09
106,BK167,2.0,12.35
106,BK171,2.0,8.59
106,BK084,2.0,8.55
107,BK031,3.0,7.31
107,BK069,2.0,7.35
107,BK026,2.0,4.71
107,BK177,1.0,5.73
108,BK183,2.0,8.61
109,BK117,2.0,5.79
109,BK042,3.0,13.02
110,BK189,2.0,6.02
110,BK030,2.0,7.34
110,BK011,2.0,16.16
110,BK127,1.0,10.9
110,BK085,3.0,10.61
111,BK073,2.0,12.38
112,BK185,2.0,6.34
112,BK061,2.0,6.99
113,BK148,1.0,6.47
113,BK126,3.0,8.86
114,BK154,1.0,3.99
114,BK061,2.0,6.99
115,BK006,2.0,12.14
115,BK047,3.0,6.24
115,BK140,3.0,6.95
116,BK020,3.0,9.13
116,BK022,,16.47
117,BK135,3.0,7.48
117,BK056,2.0,9.34
117,BK069,2.0,7.35
118,BK100,2.0,5.85
118,BK010,3.0,4.97
118,BK149,2.0,8.52
118,BK009,2.0,5.51
119,BK194,1.0,5.61
119,BK110,2.0,15.83
119,BK035,3.0,9.92
120,BK029,1.0,5.11
121,BK037,1.0,6.93
122,BK051,2.0,6.32
122,BK110,2.0,15.83
122,BK028,2.0,7.21
122,BK140,,6.95
123,BK139,3.0,15.34
123,BK063,2.0,6.42
123,BK044,3.0,7.97
124,BK128,1.0,8.29
125,BK068,3.0,6.38
125,BK176,1.0,15.13
125,BK196,1.0,14.67
126,BK161,2.0,14.3
126,BK041,3.0,8.97
126,BK014,1.0,7.53
126,BK117,2.0,5.79
127,BK194,2.0,5.61
127,BK066,1.0,3.99
127,BK062,1.0,6.32
127,BK089,2.0,14.57
128,BK089,3.0,14.57
128,BK131,1.0,13.48
128,BK009,3.0,5.51
129,BK092,1.0,7.91
129,BK166,3.0,11.34
129,BK142,1.0,8.55
130,BK069,2.0,7.35
130,BK185,3.0,6.34
130,BK102,3.0,14.48
130,BK079,2.0,7.38
130,BK063,3.0,6.42
131,BK094,1.0,12.74
131,BK175,1.0,6.71
131,BK101,2.0,7.56
131,BK031,1.0,7.31
132,BK147,2.0,12.15
132,BK158,1.0,10.58
132,BK041,3.0,8.97
132,BK035,1.0,9.92
132,BK051,3.0,6.32
133,BK188,3.0,13.19
133,BK026,1.0,4.71
133,BK001,1.0,10.93
134,BK014,1.0,7.53
134,BK011,1.0,16.16
135,BK130,2.0,6.53
136,BK150,2.0,12.36
137,BK020,3.0,9.13
137,BK047,1.0,6.24
138,BK084,1.0,8.55
138,BK043,3.0,6.76
138,BK062,1.0,6.32
138,BK085,2.0,10.61
139,BK185,2.0,6.34
139,BK067,2.0,10.97
139,BK017,2.0,
140,BK063,1.0,6.42
140,BK005,2.0,8.6
141,BK105,1.0,6.6
141,BK106,1.0,5.99
141,BK078,1.0,6.71
141,BK198,1.0,6.76
141,BK059,2.0,16.91
142,BK042,2.0,13.02
142,BK024,1.0,
142,BK091,1.0,7.75
142,BK140,3.0,6.95
143,BK053,2.0,
144,BK077,1.0,8.26
144,BK103,2.0,8.07
144,BK001,1.0,10.93
145,BK162,1.0,
145,BK185,3.0,6.34
145,BK012,,12.47
145,BK180,1.0,17.26
146,BK076,1.0,5.59
146,BK200,3.0,11.74
146,BK006,2.0,12.14
146,BK035,2.0,9.92
146,BK169,3.0,7.9
147,BK146,1.0,4.63
147,BK169,2.0,7.9
148,BK013,2.0,8.65
148,BK196,3.0,14.67
148,BK167,1.0,12.35
149,BK033,3.0,5.9
149,BK079,1.0,7.38
149,BK147,2.0,12.15
149,BK065,2.0,13.11
150,BK071,2.0,16.09
150,BK123,2.0,7.28
150,BK008,2.0,5.95
150,BK048,1.0,7.41
151,BK025,1.0,9.97
151,BK185,3.0,6.34
151,BK138,3.0,11.45
151,BK153,1.0,7.17
151,BK026,2.0,4.71
152,BK137,1.0,8.18
152,BK197,1.0,10.91
152,BK076,1.0,5.59
153,BK189,2.0,6.02
154,BK029,3.0,5.11
154,BK121,3.0,7.09
154,BK002,1.0,
154,BK131,1.0,13.48
154,BK004,2.0,8.04
155,BK111,3.0,7.43
155,BK166,1.0,11.34
156,BK024,1.0,
156,BK146,2.0,4.63
156,BK132,1.0,9.48
157,BK151,1.0,10.17
157,BK088,2.0,7.2
158,BK100,2.0,5.85
158,BK134,1.0,23.71
158,BK187,1.0,9.24
158,BK184,1.0,17.57
158,BK005,2.0,8.6
159,BK084,3.0,8.55
159,BK199,3.0,16.57
159,BK001,3.0,10.93
159,BK032,1.0,13.63
160,BK146,1.0,4.63
160,BK090,1.0,5.0
160,BK099,3.0,10.17
160,BK168,3.0,11.57
161,BK008,3.0,5.95
161,BK164,3.0,7.23
161,BK187,1.0,9.24
162,BK171,2.0,8.59
162,BK082,2.0,10.64
162,BK027,1.0,10.13
163,BK138,1.0,11.45
164,BK091,1.0,7.75
164,BK060,3.0,9.28
164,BK096,3.0,5.79
164,BK076,2.0,5.59
165,BK191,1.0,5.96
165,BK138,2.0,11.45
165,BK043,2.0,6.76
165,BK017,1.0,
165,BK076,2.0,5.59
166,BK030,1.0,7.34
166,BK163,1.0,14.55
166,BK044,2.0,7.97
167,BK141,3.0,10.51
167,BK153,2.0,7.17
167,BK003,2.0,9.58
168,BK145,2.0,8.2
168,BK078,1.0,6.71
168,BK160,3.0,13.83
168,BK134,1.0,23.71
168,BK096,1.0,5.79
169,BK038,3.0,4.64
169,BK162,3.0,
170,BK109,2.0,6.09
170,BK076,3.0,5.59
171,BK053,3.0,
172,BK097,3.0,5.15
172,BK070,3.0,6.3
172,BK049,3.0,7.74
172,BK110,3.0,15.83
172,BK121,3.0,7.09
173,BK109,3.0,6.09
173,BK091,1.0,7.75
174,BK010,3.0,4.97
174,BK026,2.0,4.71
174,BK017,1.0,
174,BK182,2.0,6.22
175,BK078,2.0,6.71
176,BK148,1.0,6.47
176,BK176,1.0,15.13
176,BK153,3.0,7.17
176,BK035,2.0,9.92
177,BK092,1.0,7.91
177,BK008,2.0,5.95
177,BK113,1.0,15.86
177,BK009,3.0,5.51
178,BK047,3.0,6.24
178,BK087,1.0,15.27
178,BK114,3.0,8.52
178,BK134,3.0,23.71
178,BK194,3.0,5.61
179,BK129,1.0,11.76
179,BK152,3.0,
179,BK114,3.0,8.52
179,BK104,2.0,7.89
180,BK016,1.0,
180,BK046,2.0,5.91
180,BK048,1.0,7.41
180,BK165,3.0,9.62
180,BK151,3.0,10.17
181,BK186,3.0,3.99
181,BK046,1.0,5.91
181,BK173,3.0,7.23
181,BK161,1.0,14.3
181,BK169,2.0,7.9
182,BK198,3.0,6.76
182,BK145,3.0,8.2
182,BK028,1.0,7.21
182,BK100,1.0,5.85
182,BK016,2.0,
183,BK192,1.0,8.51
183,BK109,1.0,6.09
183,BK191,2.0,5.96
183,BK120,1.0,7.16
184,BK069,2.0,7.35
185,BK163,2.0,14.55
185,BK186,3.0,3.99
185,BK091,3.0,7.75
185,BK052,1.0,10.26
185,BK119,2.0,9.56
186,BK144,2.0,16.51
186,BK039,2.0,
186,BK014,2.0,7.53
186,BK106,2.0,5.99
186,BK169,,7.9
187,BK126,3.0,8.86
187,BK097,1.0,5.15
187,BK172,1.0,7.19
187,BK041,2.0,8.97
188,BK181,1.0,6.95
188,BK049,3.0,7.74
188,BK116,2.0,
189,BK075,2.0,9.63
189,BK045,2.0,5.91
189,BK070,2.0,6.3
189,BK108,1.0,17.63
190,BK097,3.0,5.15
190,BK182,2.0,6.22
190,BK114,3.0,8.52
190,BK016,3.0,
191,BK080,2.0,8.69
191,BK091,2.0,7.75
192,BK067,2.0,10.97
192,BK048,1.0,7.41
192,BK170,3.0,13.98
193,BK158,2.0,10.58
193,BK137,,8.18
194,BK095,2.0,5.48
195,BK137,,8.18
195,BK063,3.0,6.42
195,BK188,3.0,13.19
195,BK138,1.0,11.45
195,BK070,1.0,6.3
196,BK143,3.0,11.56
196,BK018,3.0,7.08
196,BK030,2.0,7.34
196,BK134,1.0,23.71
197,BK108,1.0,
198,BK153,2.0,7.17
199,BK021,3.0,8.29
199,BK137,2.0,8.18
199,BK055,3.0,6.54
199,BK034,1.0,6.58
200,BK045,2.0,5.91
201,BK123,2.0,7.28
202,BK086,3.0,7.24
203,BK032,1.0,13.63
203,BK197,2.0,10.91
204,BK071,3.0,16.09
204,BK023,2.0,8.99
204,BK153,2.0,7.17
204,BK033,1.0,5.9
204,BK105,3.0,6.6
205,BK010,3.0,
205,BK167,2.0,12.35
205,BK081,1.0,8.55
205,BK146,1.0,4.63
205,BK002,,
206,BK021,1.0,8.29
206,BK175,3.0,6.71
206,BK152,2.0,
206,BK069,2.0,7.35
206,BK048,2.0,7.41
207,BK047,2.0,6.24
208,BK109,1.0,6.09
209,BK099,3.0,10.17
209,BK120,3.0,7.16
210,BK021,1.0,8.29
210,BK197,3.0,10.91
210,BK159,2.0,7.27
210,BK176,,15.13
210,BK155,3.0,11.93
211,BK144,1.0,16.51
211,BK161,3.0,14.3
211,BK104,3.0,7.89
211,BK021,2.0,8.29
211,BK062,1.0,6.32
212,BK150,2.0,12.36
212,BK010,1.0,4.97
212,BK139,3.0,15.34
213,BK199,3.0,16.57
213,BK101,1.0,7.56
214,BK145,2.0,8.2
214,BK115,3.0,7.92
215,BK117,2.0,5.79
215,BK164,1.0,7.23
215,BK078,3.0,6.71
216,BK029,1.0,5.11
216,BK019,1.0,14.23
217,BK048,1.0,7.41
218,BK119,3.0,9.56
218,BK107,1.0,14.49
219,BK157,1.0,16.53
219,BK043,3.0,6.76
219,BK131,1.0,13.48
219,BK160,1.0,13.83
219,BK196,2.0,14.67
220,BK112,1.0,11.17
221,BK057,1.0,8.32
222,BK004,1.0,8.04
222,BK024,3.0,
222,BK150,2.0,12.36
223,BK048,1.0,7.41
223,BK039,2.0,13.04
224,BK163,3.0,14.55
224,BK031,1.0,7.31
224,BK120,2.0,7.16
224,BK168,3.0,11.57
225,BK081,,8.55
225,BK070,2.0,
225,BK168,3.0,11.57
225,BK089,2.0,14.57
226,BK166,3.0,11.34
227,BK066,2.0,3.99
227,BK063,2.0,6.42
227,BK019,2.0,14.23
228,BK016,2.0,
228,BK124,1.0,8.12
228,BK076,3.0,5.59
228,BK126,3.0,8.86
229,BK173,1.0,7.23
229,BK133,2.0,16.75
229,BK131,1.0,13.48
230,BK151,1.0,10.17
230,BK089,2.0,14.57
230,BK150,2.0,12.36
231,BK033,1.0,5.9
232,BK040,2.0,8.0
232,BK145,3.0,8.2
232,BK109,2.0,6.09
232,BK105,3.0,6.6
232,BK071,3.0,16.09
233,BK063,1.0,6.42
233,BK199,2.0,16.57
233,BK121,1.0,7.09
233,BK186,2.0,3.99
234,BK016,2.0,
234,BK070,3.0,6.3
235,BK125,2.0,5.9
235,BK018,3.0,7.08
235,BK153,2.0,7.17
235,BK015,3.0,7.17
236,BK098,2.0,15.3
237,BK064,3.0,5.03
237,BK166,1.0,11.34
237,BK014,2.0,7.53
237,BK033,2.0,5.9
238,BK073,3.0,12.38
238,BK194,3.0,5.61
238,BK143,3.0,11.56
238,BK036,2.0,5.31
239,BK036,1.0,5.31
239,BK157,3.0,
239,BK023,1.0,8.99
239,BK004,2.0,8.04
239,BK105,2.0,6.6
240,BK037,3.0,6.93
241,BK035,2.0,9.92
241,BK043,3.0,6.76
241,BK089,2.0,14.57
242,BK011,,16.16
242,BK003,1.0,9.58
242,BK097,2.0,5.15
242,BK109,2.0,
243,BK065,1.0,13.11
243,BK160,2.0,13.83
244,BK174,1.0,19.61
244,BK173,,7.23
244,BK181,3.0,
245,BK171,2.0,8.59
245,BK085,3.0,10.61
245,BK028,3.0,7.21
245,BK086,3.0,7.24
245,BK082,3.0,10.64
246,BK168,1.0,11.57
246,BK110,3.0,15.83
246,BK057,3.0,8.32
247,BK128,3.0,8.29
248,BK137,1.0,8.18
248,BK197,2.0,10.91
248,BK065,2.0,13.11
248,BK167,1.0,12.35
249,BK054,1.0,7.48
249,BK010,1.0,4.97
249,BK177,2.0,5.73
249,BK112,3.0,11.17
249,BK091,3.0,
250,BK090,3.0,5.0
250,BK024,1.0,
250,BK129,1.0,11.76
250,BK066,3.0,3.99
250,BK198,3.0,6.76
251,BK162,2.0,
251,BK125,1.0,5.9
252,BK195,3.0,9.7
252,BK114,2.0,8.52
252,BK060,3.0,9.28
252,BK091,2.0,7.75
253,BK164,3.0,7.23
253,BK057,1.0,8.32
253,BK072,2.0,9.08
253,BK163,3.0,14.55
254,BK174,3.0,19.61
254,BK110,2.0,15.83
254,BK154,3.0,3.99
255,BK110,1.0,15.83
255,BK033,2.0,5.9
256,BK153,2.0,7.17
257,BK150,2.0,12.36
257,BK138,2.0,11.45
257,BK184,1.0,17.57
257,BK062,2.0,6.32
257,BK151,3.0,10.17
258,BK178,2.0,10.97
259,BK131,1.0,13.48
259,BK133,1.0,16.75
259,BK166,2.0,11.34
259,BK105,1.0,6.6
259,BK020,1.0,9.13
260,BK174,1.0,19.61
260,BK153,3.0,7.17
261,BK130,3.0,6.53
261,BK095,2.0,5.48
262,BK031,3.0,7.31
262,BK011,3.0,16.16
262,BK126,3.0,8.86
262,BK028,1.0,7.21
262,BK189,3.0,6.02
263,BK149,3.0,8.52
263,BK135,3.0,7.48
263,BK095,2.0,5.48
263,BK157,3.0,16.53
263,BK081,1.0,8.55
264,BK142,3.0,8.55
264,BK061,3.0,6.99
265,BK062,3.0,6.32
266,BK199,2.0,16.57
266,BK160,1.0,13.83
266,BK021,2.0,8.29
267,BK023,1.0,8.99
267,BK145,2.0,8.2
267,BK139,2.0,15.34
268,BK077,,8.26
268,BK070,2.0,6.3
269,BK191,2.0,5.96
269,BK162,3.0,
269,BK050,2.0,10.13
269,BK168,3.0,11.57
270,BK110,2.0,15.83
270,BK037,1.0,6.93
270,BK188,1.0,13.19
271,BK068,1.0,6.38
271,BK144,2.0,16.51
271,BK164,3.0,7.23
271,BK170,,13.98
272,BK166,2.0,11.34
272,BK138,1.0,
272,BK148,2.0,6.47
273,BK071,2.0,16.09
274,BK048,2.0,7.41
274,BK068,1.0,6.38
274,BK030,2.0,7.34
275,BK182,1.0,6.22
275,BK053,3.0,
276,BK031,1.0,7.31
276,BK089,3.0,14.57
277,BK056,3.0,9.34
277,BK140,1.0,6.95
278,BK075,1.0,9.63
278,BK100,3.0,5.85
279,BK114,3.0,8.52
279,BK106,2.0,5.99
279,BK049,1.0,7.74
279,BK166,2.0,11.34
279,BK086,1.0,7.24
280,BK028,2.0,7.21
280,BK148,2.0,6.47
280,BK014,3.0,7.53
281,BK149,3.0,8.52
281,BK067,2.0,10.97
281,BK197,1.0,10.91
281,BK123,1.0,7.28
281,BK169,1.0,7.9
282,BK183,1.0,8.61
282,BK158,1.0,10.58
282,BK125,1.0,5.9
283,BK157,3.0,16.53
283,BK101,3.0,7.56
283,BK127,2.0,10.9
283,BK105,3.0,6.6
283,BK083,3.0,11.28
284,BK195,2.0,9.7
284,BK148,2.0,6.47
285,BK020,1.0,9.13
286,BK116,2.0,
287,BK097,3.0,5.15
288,BK109,1.0,6.09
288,BK028,3.0,7.21
289,BK071,1.0,16.09
289,BK128,1.0,8.29
289,BK024,1.0,
290,BK135,3.0,7.48
290,BK166,1.0,11.34
290,BK178,1.0,10.97
291,BK041,1.0,8.97
291,BK139,2.0,15.34
291,BK033,3.0,5.9
291,BK023,1.0,8.99
291,BK122,2.0,5.19
292,BK084,2.0,8.55
292,BK054,3.0,7.48
292,BK099,2.0,10.17
292,BK034,2.0,6.58
293,BK186,1.0,3.99
293,BK092,2.0,7.91
293,BK167,2.0,12.35
294,BK060,2.0,9.28
295,BK190,3.0,12.67
295,BK036,2.0,5.31
295,BK141,2.0,10.51
295,BK116,3.0,
295,BK125,1.0,5.9
296,BK140,2.0,6.95
296,BK085,1.0,10.61
297,BK086,3.0,7.24
297,BK072,2.0,9.08
297,BK155,1.0,11.93
297,BK004,1.0,
298,BK169,1.0,7.9
298,BK147,1.0,12.15
298,BK077,3.0,8.26
298,BK124,1.0,8.12
299,BK172,3.0,7.19
300,BK054,1.0,7.48
300,BK074,2.0,15.18
300,BK188,3.0,13.19
300,BK100,2.0,5.85
301,BK002,1.0,
301,BK087,3.0,15.27
302,BK070,3.0,6.3
303,BK186,2.0,3.99
303,BK143,1.0,11.56
304,BK032,2.0,13.63
304,BK050,1.0,10.13
304,BK056,3.0,9.34
304,BK064,2.0,5.03
304,BK075,3.0,9.63
305,BK093,3.0,10.09
306,BK080,1.0,8.69
306,BK037,2.0,6.93
306,BK051,3.0,6.32
306,BK043,3.0,6.76
306,BK089,2.0,14.57
307,BK155,2.0,11.93
307,BK168,2.0,11.57
307,BK192,2.0,8.51
307,BK130,1.0,6.53
307,BK046,,5.91
308,BK086,2.0,7.24
309,BK179,3.0,10.16
309,BK090,1.0,5.0
309,BK172,2.0,7.19
309,BK153,2.0,7.17
309,BK195,2.0,9.7
310,BK130,3.0,6.53
311,BK034,2.0,6.58
312,BK102,,14.48
312,BK051,1.0,6.32
312,BK157,1.0,16.53
312,BK031,1.0,7.31
312,BK183,3.0,8.61
313,BK109,1.0,6.09
313,BK158,1.0,10.58
313,BK185,3.0,6.34
313,BK135,,7.48
313,BK110,2.0,15.83
314,BK056,1.0,9.34
315,BK167,3.0,12.35
315,BK158,3.0,10.58
315,BK194,1.0,5.61
315,BK139,1.0,15.34
315,BK180,3.0,17.26
316,BK186,3.0,3.99
316,BK109,1.0,6.09
316,BK154,3.0,3.99
316,BK181,2.0,6.95
316,BK107,2.0,14.49
317,BK050,2.0,10.13
317,BK196,1.0,14.67
317,BK132,3.0,9.48
317,BK102,2.0,14.48
317,BK192,3.0,8.51
318,BK196,3.0,14.67
318,BK118,3.0,14.28
319,BK167,1.0,12.35
319,BK106,1.0,5.99
320,BK062,3.0,6.32
320,BK081,1.0,8.55
321,BK016,3.0,
321,BK143,2.0,11.56
321,BK031,1.0,7.31
321,BK088,2.0,7.2
321,BK156,2.0,8.16
322,BK015,2.0,7.17
323,BK033,2.0,5.9
323,BK169,3.0,7.9
324,BK062,1.0,6.32
324,BK196,1.0,14.67
324,BK002,2.0,
324,BK101,1.0,7.56
325,BK085,2.0,10.61
325,BK132,3.0,9.48
325,BK162,2.0,
326,BK009,3.0,5.51
326,BK169,2.0,7.9
326,BK035,3.0,9.92
327,BK038,1.0,4.64
327,BK155,1.0,
327,BK125,2.0,5.9
327,BK044,3.0,7.97
327,BK070,1.0,6.3
328,BK137,1.0,8.18
328,BK193,2.0,
328,BK029,1.0,5.11
329,BK197,2.0,10.91
329,BK046,3.0,5.91
329,BK078,2.0,6.71
330,BK171,1.0,8.59
330,BK098,2.0,15.3
331,BK108,3.0,17.63
331,BK091,1.0,7.75
332,BK190,,12.67
332,BK006,3.0,12.14
332,BK161,1.0,14.3
332,BK012,3.0,12.47
332,BK141,1.0,10.51
333,BK069,,7.35
333,BK162,1.0,
333,BK093,1.0,10.09
333,BK178,1.0,10.97
334,BK051,3.0,6.32
334,BK108,2.0,17.63
334,BK102,1.0,14.48
335,BK073,1.0,12.38
336,BK157,2.0,16.53
336,BK158,,10.58
336,BK056,1.0,9.34
337,BK188,3.0,13.19
337,BK094,3.0,12.74
337,BK142,3.0,8.55
338,BK154,2.0,3.99
338,BK197,2.0,10.91
339,BK053,2.0,
339,BK152,,
340,BK032,2.0,13.63
340,BK196,1.0,14.67
340,BK113,2.0,15.86
341,BK184,1.0,17.57
341,BK137,1.0,8.18
341,BK091,3.0,7.75
342,BK126,3.0,8.86
343,BK093,2.0,10.09
343,BK016,3.0,
343,BK111,2.0,7.43
344,BK198,3.0,6.76
344,BK018,3.0,7.08
344,BK112,3.0,11.17
344,BK161,,14.3
345,BK119,1.0,9.56
345,BK090,3.0,5.0
345,BK199,2.0,16.57
346,BK153,2.0,7.17
346,BK163,1.0,14.55
346,BK048,2.0,7.41
346,BK070,3.0,6.3
347,BK076,1.0,5.59
347,BK138,1.0,11.45
348,BK193,1.0,12.2
349,BK175,2.0,6.71
349,BK073,1.0,12.38
350,BK041,2.0,8.97
350,BK098,3.0,15.3
350,BK180,3.0,17.26
350,BK151,3.0,10.17
350,BK170,1.0,13.98
351,BK193,1.0,12.2
351,BK031,2.0,7.31
351,BK107,2.0,14.49
351,BK162,3.0,
352,BK070,3.0,6.3
352,BK057,3.0,8.32
352,BK012,2.0,12.47
353,BK046,3.0,5.91
353,BK013,3.0,8.65
353,BK152,2.0,
354,BK043,2.0,6.76
354,BK012,1.0,12.47
354,BK150,2.0,12.36
354,BK121,2.0,7.09
354,BK026,2.0,4.71
355,BK141,1.0,10.51
355,BK197,1.0,10.91
355,BK195,2.0,9.7
355,BK196,3.0,14.67
355,BK035,3.0,9.92
356,BK174,2.0,19.61
356,BK182,,6.22
356,BK122,1.0,5.19
356,BK170,1.0,13.98
357,BK161,3.0,14.3
357,BK142,3.0,8.55
357,BK007,2.0,9.15
358,BK125,2.0,5.9
359,BK093,1.0,10.09
360,BK069,3.0,7.35
360,BK034,2.0,6.58
361,BK047,3.0,6.24
361,BK116,3.0,
361,BK012,1.0,12.47
361,BK123,1.0,7.28
361,BK129,1.0,11.76
362,BK198,1.0,6.76
363,BK181,,6.95
363,BK132,1.0,9.48
363,BK030,1.0,7.34
364,BK168,2.0,11.57
365,BK188,3.0,13.19
365,BK016,2.0,
365,BK199,1.0,16.57
365,BK056,2.0,9.34
366,BK174,2.0,19.61
366,BK002,1.0,
366,BK111,3.0,7.43
366,BK160,2.0,13.83
367,BK071,2.0,16.09
367,BK138,1.0,11.45
367,BK108,1.0,17.63
367,BK036,1.0,5.31
368,BK037,1.0,6.93
368,BK072,3.0,9.08
368,BK127,2.0,10.9
368,BK010,1.0,4.97
369,BK136,3.0,7.6
369,BK126,3.0,8.86
369,BK094,2.0,12.74
369,BK125,3.0,5.9
370,BK187,1.0,9.24
370,BK185,2.0,6.34
370,BK067,,10.97
370,BK173,2.0,7.23
371,BK166,3.0,11.34
371,BK162,3.0,
371,BK197,2.0,10.91
371,BK191,2.0,5.96
372,BK144,3.0,16.51
372,BK143,3.0,11.56
373,BK109,3.0,6.09
373,BK061,3.0,6.99
373,BK137,1.0,8.18
373,BK110,2.0,15.83
373,BK011,1.0,16.16
374,BK177,1.0,5.73
374,BK148,2.0,6.47
374,BK015,2.0,7.17
375,BK067,3.0,10.97
375,BK126,1.0,8.86
375,BK030,3.0,
376,BK042,1.0,13.02
376,BK005,2.0,8.6
376,BK091,1.0,7.75
376,BK049,1.0,7.74
376,BK185,3.0,6.34
377,BK066,3.0,3.99
377,BK111,2.0,7.43
378,BK164,3.0,7.23
379,BK030,1.0,7.34
380,BK158,2.0,10.58
380,BK068,1.0,6.38
380,BK134,2.0,23.71
381,BK055,2.0,6.54
381,BK078,2.0,6.71
381,BK192,3.0,8.51
381,BK130,1.0,6.53
381,BK107,1.0,14.49
382,BK092,1.0,7.91
382,BK032,2.0,13.63
382,BK136,1.0,7.6
382,BK172,3.0,7.19
383,BK010,3.0,4.97
383,BK159,1.0,7.27
384,BK098,1.0,15.3
385,BK167,3.0,12.35
385,BK163,2.0,14.55
385,BK017,2.0,
385,BK024,,
385,BK095,2.0,5.48
386,BK153,3.0,7.17
386,BK108,2.0,17.63
386,BK014,3.0,7.53
387,BK064,2.0,5.03
387,BK135,3.0,7.48
388,BK005,2.0,8.6
388,BK017,2.0,
388,BK066,3.0,3.99
388,BK096,3.0,5.79
388,BK067,3.0,10.97
389,BK099,3.0,10.17
389,BK009,,5.51
389,BK196,1.0,14.67
389,BK048,3.0,7.41
389,BK113,2.0,15.86
390,BK073,3.0,12.38
390,BK142,3.0,8.55
390,BK027,3.0,10.13
391,BK195,2.0,9.7
391,BK044,3.0,7.97
392,BK102,2.0,14.48
392,BK096,1.0,5.79
393,BK150,2.0,12.36
394,BK019,1.0,14.23
394,BK086,3.0,7.24
395,BK121,1.0,7.09
395,BK060,3.0,9.28
395,BK178,1.0,10.97
395,BK062,,6.32
395,BK117,2.0,5.79
396,BK100,3.0,5.85
396,BK098,3.0,15.3
396,BK151,3.0,10.17
396,BK120,3.0,7.16
397,BK127,2.0,10.9
397,BK019,3.0,14.23
397,BK192,2.0,8.51
397,BK004,2.0,8.04
398,BK111,1.0,7.43
398,BK162,2.0,
398,BK195,3.0,9.7
398,BK065,1.0,13.11
398,BK154,2.0,3.99
399,BK104,1.0,7.89
399,BK136,2.0,7.6
400,BK103,2.0,8.07
400,BK125,2.0,5.9
400,BK159,2.0,7.27
400,BK071,1.0,16.09
400,BK172,3.0,7.19
401,BK189,1.0,6.02
401,BK164,2.0,7.23
402,BK031,3.0,7.31
402,BK114,3.0,8.52
402,BK068,3.0,6.38
402,BK176,2.0,15.13
403,BK095,1.0,5.48
403,BK079,1.0,7.38
404,BK111,3.0,7.43
404,BK012,1.0,12.47
404,BK016,3.0,
405,BK165,1.0,9.62
406,BK200,1.0,11.74
406,BK181,1.0,6.95
406,BK013,3.0,8.65
406,BK008,1.0,5.95
407,BK151,1.0,10.17
407,BK087,3.0,15.27
408,BK151,1.0,10.17
409,BK083,2.0,11.28
410,BK011,2.0,16.16
411,BK057,2.0,8.32
411,BK063,3.0,6.42
412,BK186,1.0,3.99
413,BK190,1.0,12.67
413,BK131,3.0,13.48
413,BK057,1.0,8.32
413,BK101,1.0,7.56
414,BK178,3.0,10.97
414,BK175,,6.71
414,BK085,3.0,10.61
415,BK010,1.0,4.97
415,BK081,3.0,8.55
416,BK117,3.0,5.79
417,BK146,2.0,4.63
417,BK181,3.0,6.95
417,BK059,2.0,16.91
417,BK140,2.0,6.95
417,BK135,3.0,7.48
418,BK008,3.0,5.95
418,BK150,2.0,12.36
419,BK063,3.0,6.42
419,BK142,1.0,8.55
420,BK081,1.0,8.55
420,BK049,2.0,7.74
420,BK041,2.0,8.97
420,BK118,1.0,14.28
421,BK099,1.0,10.17
421,BK010,1.0,4.97
421,BK008,1.0,5.95
421,BK069,3.0,7.35
422,BK029,3.0,5.11
422,BK188,1.0,13.19
422,BK043,3.0,6.76
423,BK049,2.0,7.74
423,BK141,3.0,10.51
423,BK064,1.0,5.03
424,BK183,2.0,8.61
424,BK106,1.0,5.99
424,BK158,3.0,10.58
424,BK189,,6.02
424,BK141,2.0,10.51
425,BK181,1.0,6.95
425,BK003,3.0,9.58
425,BK015,2.0,7.17
425,BK119,1.0,9.56
426,BK185,3.0,6.34
426,BK021,2.0,8.29
427,BK082,1.0,10.64
427,BK121,3.0,7.09
427,BK160,3.0,13.83
428,BK134,1.0,23.71
428,BK057,2.0,8.32
428,BK197,3.0,10.91
428,BK027,1.0,10.13
428,BK049,1.0,7.74
429,BK021,3.0,8.29
430,BK018,1.0,7.08
430,BK091,,7.75
430,BK175,1.0,6.71
430,BK190,3.0,12.67
430,BK130,3.0,6.53
431,BK194,3.0,5.61
431,BK019,3.0,14.23
432,BK044,2.0,7.97
432,BK065,3.0,13.11
432,BK081,,8.55
432,BK078,2.0,6.71
432,BK148,2.0,6.47
433,BK042,1.0,13.02
433,BK179,2.0,10.16
433,BK091,1.0,7.75
433,BK200,3.0,11.74
433,BK162,2.0,
434,BK195,3.0,9.7
434,BK022,1.0,16.47
434,BK162,3.0,
435,BK060,1.0,9.28
435,BK079,2.0,7.38
435,BK025,3.0,9.97
435,BK014,2.0,7.53
436,BK052,2.0,10.26
436,BK193,1.0,12.2
436,BK137,2.0,8.18
436,BK066,2.0,3.99
436,BK042,1.0,13.02
437,BK035,1.0,9.92
437,BK021,2.0,8.29
437,BK121,,7.09
438,BK079,2.0,7.38
438,BK021,1.0,8.29
438,BK132,3.0,9.48
438,BK007,3.0,9.15
438,BK175,1.0,6.71
439,BK161,1.0,14.3
440,BK194,2.0,5.61
441,BK012,3.0,12.47
442,BK018,3.0,7.08
442,BK003,3.0,9.58
442,BK172,1.0,7.19
442,BK007,1.0,9.15
442,BK002,3.0,
443,BK113,3.0,15.86
443,BK104,,7.89
443,BK199,1.0,16.57
443,BK197,3.0,10.91
444,BK131,1.0,13.48
445,BK011,2.0,16.16
446,BK163,1.0,14.55
446,BK140,2.0,6.95
447,BK199,3.0,16.57
447,BK092,1.0,7.91
448,BK106,1.0,5.99
448,BK080,1.0,8.69
448,BK028,3.0,7.21
448,BK036,3.0,5.31
448,BK069,2.0,7.35
449,BK151,3.0,10.17
449,BK018,3.0,7.08
450,BK007,2.0,9.15
451,BK036,3.0,5.31
452,BK066,3.0,3.99
452,BK008,2.0,5.95
452,BK178,1.0,10.97
452,BK033,2.0,5.9
453,BK112,2.0,11.17
453,BK167,3.0,12.35
453,BK140,2.0,
453,BK092,3.0,7.91
453,BK006,3.0,12.14
454,BK072,1.0,9.08
454,BK013,2.0,8.65
454,BK048,2.0,7.41
455,BK017,1.0,
455,BK006,3.0,
456,BK052,3.0,10.26
457,BK117,2.0,5.79
457,BK144,2.0,16.51
458,BK123,2.0,7.28
458,BK118,1.0,
459,BK170,2.0,13.98
459,BK132,1.0,9.48
459,BK087,1.0,15.27
459,BK167,2.0,12.35
459,BK084,3.0,8.55
460,BK176,3.0,15.13
461,BK137,2.0,8.18
461,BK199,2.0,16.57
462,BK091,1.0,7.75
462,BK049,3.0,7.74
462,BK032,3.0,13.63
463,BK079,3.0,7.38
463,BK019,2.0,14.23
463,BK095,1.0,5.48
464,BK055,1.0,6.54
464,BK072,2.0,9.08
464,BK053,2.0,
465,BK064,3.0,5.03
465,BK017,1.0,
465,BK008,,5.95
465,BK166,2.0,11.34
466,BK045,1.0,5.91
466,BK018,2.0,7.08
466,BK032,1.0,13.63
466,BK072,1.0,9.08
466,BK187,1.0,9.24
467,BK074,3.0,15.18
467,BK169,1.0,7.9
467,BK188,3.0,13.19
468,BK042,2.0,13.02
468,BK058,3.0,9.86
468,BK096,3.0,5.79
468,BK041,1.0,8.97
469,BK138,1.0,11.45
469,BK091,1.0,7.75
469,BK171,1.0,8.59
469,BK074,3.0,15.18
469,BK015,3.0,7.17
470,BK127,1.0,10.9
470,BK062,2.0,6.32
471,BK195,3.0,9.7
471,BK194,3.0,5.61
471,BK056,1.0,9.34
472,BK197,2.0,10.91
472,BK092,,
473,BK043,2.0,6.76
473,BK024,2.0,
473,BK100,3.0,5.85
473,BK046,3.0,5.91
474,BK167,3.0,12.35
474,BK140,3.0,6.95
474,BK068,3.0,6.38
474,BK129,1.0,11.76
474,BK188,2.0,13.19
475,BK084,2.0,8.55
476,BK057,2.0,8.32
476,BK075,1.0,9.63
476,BK111,1.0,7.43
476,BK055,3.0,6.54
477,BK127,2.0,10.9
477,BK009,1.0,5.51
477,BK096,3.0,5.79
477,BK182,1.0,6.22
478,BK092,3.0,7.91
478,BK154,3.0,3.99
478,BK081,2.0,8.55
479,BK111,1.0,7.43
479,BK101,1.0,7.56
479,BK178,1.0,10.97
480,BK027,2.0,10.13
481,BK144,3.0,16.51
481,BK133,3.0,16.75
481,BK182,2.0,6.22
482,BK031,2.0,7.31
482,BK086,3.0,7.24
483,BK088,3.0,7.2
484,BK132,2.0,9.48
484,BK043,3.0,6.76
485,BK181,2.0,6.95
486,BK005,2.0,8.6
487,BK180,3.0,17.26
487,BK089,1.0,
487,BK054,3.0,7.48
488,BK103,3.0,8.07
489,BK164,3.0,7.23
489,BK174,2.0,19.61
489,BK143,1.0,11.56
489,BK033,2.0,5.9
489,BK069,2.0,7.35
490,BK175,2.0,6.71
491,BK112,3.0,11.17
492,BK002,2.0,
492,BK188,3.0,13.19
492,BK125,2.0,5.9
492,BK084,2.0,8.55
493,BK103,3.0,8.07
493,BK089,2.0,14.57
493,BK069,3.0,
494,BK062,1.0,6.32
495,BK114,1.0,8.52
496,BK043,1.0,6.76
496,BK039,3.0,13.04
496,BK102,3.0,14.48
496,BK035,,9.92
496,BK048,1.0,7.41
497,BK109,2.0,6.09
497,BK023,2.0,8.99
497,BK005,3.0,8.6
497,BK197,3.0,10.91
497,BK007,3.0,9.15
498,BK085,1.0,10.61
498,BK020,1.0,9.13
498,BK090,3.0,5.0
498,BK133,2.0,16.75
499,BK041,,8.97
499,BK090,1.0,5.0
500,BK170,1.0,13.98
500,BK101,3.0,7.56
500,BK024,3.0,
501,BK193,1.0,12.2
501,BK186,1.0,3.99
501,BK131,1.0,13.48
502,BK019,3.0,14.23
502,BK077,3.0,8.26
502,BK028,2.0,7.21
502,BK103,1.0,8.07
502,BK007,1.0,9.15
503,BK182,2.0,6.22
504,BK042,1.0,13.02
504,BK181,2.0,6.95
504,BK144,2.0,16.51
504,BK005,3.0,8.6
504,BK059,1.0,16.91
505,BK168,3.0,11.57
505,BK059,,16.91
505,BK198,1.0,6.76
505,BK151,2.0,10.17
505,BK106,2.0,5.99
506,BK185,3.0,6.34
507,BK024,2.0,
507,BK083,2.0,11.28
507,BK070,2.0,6.3
507,BK136,1.0,7.6
507,BK117,,5.79
508,BK092,1.0,7.91
508,BK128,3.0,8.29
508,BK077,2.0,8.26
509,BK131,3.0,13.48
509,BK098,1.0,15.3
510,BK174,3.0,19.61
510,BK100,3.0,5.85
510,BK040,1.0,8.0
511,BK135,3.0,7.48
511,BK129,3.0,11.76
512,BK015,3.0,7.17
513,BK049,2.0,7.74
513,BK013,1.0,8.65
513,BK072,3.0,9.08
513,BK017,1.0,
514,BK041,,8.97
514,BK065,2.0,13.11
514,BK030,3.0,7.34
514,BK004,3.0,8.04
515,BK107,3.0,14.49
516,BK128,3.0,8.29
516,BK072,3.0,9.08
516,BK130,2.0,6.53
517,BK005,3.0,8.6
517,BK099,3.0,10.17
518,BK113,3.0,15.86
518,BK010,2.0,4.97
518,BK064,,5.03
518,BK063,3.0,6.42
518,BK036,2.0,5.31
519,BK104,3.0,7.89
519,BK063,3.0,6.42
520,BK090,2.0,5.0
521,BK066,3.0,3.99
521,BK089,2.0,14.57
521,BK161,1.0,14.3
521,BK190,3.0,12.67
521,BK154,3.0,3.99
522,BK043,3.0,6.76
522,BK081,2.0,8.55
522,BK166,3.0,11.34
523,BK049,3.0,7.74
523,BK053,2.0,
523,BK185,2.0,6.34
523,BK144,2.0,16.51
524,BK048,2.0,7.41
524,BK003,3.0,9.58
524,BK146,3.0,4.63
525,BK098,2.0,15.3
525,BK188,1.0,13.19
525,BK083,2.0,11.28
525,BK042,1.0,13.02
525,BK200,3.0,11.74
526,BK177,3.0,5.73
526,BK132,3.0,9.48
526,BK013,3.0,8.65
526,BK062,1.0,6.32
526,BK008,1.0,5.95
527,BK048,3.0,7.41
527,BK102,1.0,14.48
528,BK048,3.0,7.41
528,BK060,,9.28
528,BK036,3.0,5.31
528,BK132,1.0,9.48
529,BK154,3.0,3.99
529,BK075,1.0,9.63
529,BK010,3.0,4.97
529,BK028,2.0,7.21
529,BK151,1.0,10.17
530,BK039,1.0,13.04
530,BK106,1.0,5.99
531,BK045,,5.91
532,BK054,3.0,7.48
532,BK035,1.0,9.92
532,BK138,3.0,11.45
533,BK185,2.0,6.34
533,BK126,3.0,8.86
533,BK110,2.0,15.83
533,BK108,2.0,17.63
534,BK174,1.0,19.61
534,BK067,3.0,10.97
534,BK087,3.0,15.27
534,BK034,2.0,6.58
535,BK018,3.0,7.08
535,BK147,2.0,12.15
535,BK011,3.0,16.16
535,BK052,1.0,10.26
536,BK042,2.0,13.02
537,BK009,1.0,5.51
537,BK018,1.0,7.08
537,BK148,2.0,6.47
537,BK081,2.0,8.55
538,BK145,3.0,8.2
539,BK185,3.0,6.34
539,BK169,,7.9
539,BK098,1.0,15.3
539,BK077,2.0,8.26
540,BK006,3.0,12.14
540,BK142,2.0,8.55
540,BK178,2.0,10.97
541,BK032,2.0,13.63
542,BK105,,6.6
542,BK188,2.0,13.19
542,BK112,1.0,11.17
542,BK043,3.0,6.76
542,BK047,3.0,6.24
543,BK064,1.0,5.03
543,BK192,2.0,8.51
543,BK073,2.0,12.38
543,BK178,1.0,
543,BK082,2.0,10.64
544,BK117,2.0,5.79
544,BK069,3.0,7.35
544,BK150,1.0,12.36
545,BK114,1.0,8.52
546,BK173,1.0,7.23
546,BK118,2.0,14.28
547,BK020,1.0,9.13
547,BK032,2.0,13.63
547,BK064,1.0,5.03
547,BK024,2.0,
548,BK098,3.0,15.3
549,BK116,3.0,
550,BK001,1.0,10.93
550,BK129,3.0,11.76
550,BK015,1.0,7.17
551,BK013,3.0,8.65
551,BK037,1.0,6.93
552,BK097,2.0,5.15
553,BK163,3.0,14.55
554,BK182,2.0,6.22
554,BK010,2.0,4.97
555,BK073,1.0,12.38
555,BK119,1.0,9.56
555,BK121,3.0,7.09
556,BK004,2.0,8.04
556,BK157,1.0,16.53
557,BK041,2.0,8.97
557,BK019,3.0,14.23
557,BK108,3.0,17.63
558,BK163,2.0,14.55
559,BK035,3.0,9.92
559,BK174,1.0,19.61
559,BK108,3.0,17.63
559,BK156,1.0,8.16
560,BK079,1.0,7.38
560,BK067,3.0,10.97
560,BK199,2.0,16.57
560,BK105,2.0,6.6
560,BK015,3.0,
561,BK027,3.0,10.13
562,BK170,2.0,13.98
562,BK116,1.0,
562,BK018,2.0,7.08
563,BK051,3.0,6.32
563,BK117,1.0,5.79
564,BK150,1.0,12.36
564,BK061,2.0,6.99
564,BK133,3.0,16.75
565,BK019,2.0,14.23
565,BK160,3.0,13.83
566,BK039,2.0,13.04
566,BK106,1.0,5.99
566,BK031,3.0,7.31
567,BK016,3.0,
567,BK053,1.0,
568,BK138,1.0,11.45
568,BK054,3.0,7.48
569,BK114,3.0,8.52
570,BK061,1.0,6.99
570,BK055,1.0,6.54
570,BK083,3.0,11.28
570,BK094,1.0,12.74
570,BK179,1.0,10.16
571,BK191,3.0,5.96
571,BK172,3.0,7.19
571,BK047,3.0,6.24
571,BK123,1.0,7.28
571,BK199,3.0,16.57
572,BK187,1.0,9.24
572,BK164,1.0,7.23
572,BK027,1.0,10.13
573,BK132,3.0,9.48
574,BK016,3.0,
575,BK135,3.0,7.48
575,BK200,1.0,11.74
576,BK194,1.0,5.61
576,BK013,2.0,8.65
576,BK118,3.0,14.28
577,BK022,1.0,16.47
577,BK152,2.0,
577,BK079,1.0,7.38
577,BK171,1.0,8.59
578,BK023,2.0,8.99
578,BK054,1.0,7.48
578,BK062,1.0,6.32
578,BK076,2.0,5.59
578,BK053,2.0,
579,BK009,1.0,5.51
579,BK055,2.0,6.54
579,BK075,3.0,9.63
580,BK029,1.0,5.11
581,BK198,1.0,6.76
581,BK124,3.0,8.12
582,BK011,1.0,16.16
582,BK040,3.0,8.0
582,BK052,1.0,10.26
582,BK155,1.0,11.93
583,BK116,2.0,
584,BK009,3.0,5.51
585,BK019,3.0,14.23
585,BK142,1.0,8.55
585,BK031,1.0,7.31
585,BK090,2.0,5.0
585,BK058,1.0,9.86
586,BK023,3.0,8.99
586,BK162,2.0,
586,BK100,2.0,5.85
587,BK097,3.0,5.15
587,BK134,3.0,23.71
587,BK193,1.0,
587,BK001,3.0,10.93
588,BK005,3.0,8.6
588,BK049,3.0,7.74
588,BK078,2.0,6.71
588,BK194,1.0,5.61
589,BK173,2.0,7.23
589,BK158,2.0,10.58
589,BK018,1.0,7.08
590,BK112,3.0,11.17
590,BK066,2.0,3.99
590,BK169,1.0,7.9
590,BK036,3.0,5.31
591,BK057,3.0,8.32
591,BK072,2.0,9.08
591,BK164,2.0,7.23
591,BK191,1.0,5.96
591,BK123,3.0,7.28
592,BK174,2.0,19.61
592,BK001,2.0,10.93
592,BK195,1.0,9.7
592,BK142,2.0,8.55
593,BK149,3.0,8.52
593,BK102,2.0,14.48
593,BK030,3.0,7.34
593,BK097,,5.15
593,BK033,3.0,5.9
594,BK063,3.0,6.42
594,BK159,2.0,7.27
594,BK124,3.0,8.12
594,BK143,1.0,11.56
595,BK088,2.0,7.2
596,BK087,1.0,15.27
596,BK126,1.0,8.86
596,BK021,2.0,8.29
596,BK072,3.0,9.08
597,BK165,2.0,9.62
597,BK198,1.0,6.76
598,BK057,1.0,8.32
598,BK167,1.0,12.35
598,BK025,1.0,9.97
598,BK189,1.0,6.02
599,BK075,1.0,9.63
600,BK002,3.0,
600,BK180,2.0,17.26
600,BK039,1.0,13.04
600,BK082,1.0,10.64
601,BK191,1.0,5.96
601,BK035,,9.92
602,BK012,1.0,12.47
602,BK085,2.0,10.61
603,BK078,1.0,6.71
603,BK003,1.0,9.58
603,BK169,1.0,7.9
603,BK065,2.0,13.11
603,BK179,1.0,10.16
604,BK087,2.0,15.27
604,BK187,3.0,9.24
604,BK052,3.0,10.26
605,BK183,2.0,8.61
605,BK192,2.0,8.51
605,BK120,2.0,7.16
606,BK080,3.0,8.69
607,BK065,3.0,13.11
607,BK049,3.0,7.74
607,BK001,3.0,10.93
608,BK002,1.0,
608,BK174,3.0,19.61
608,BK017,3.0,
608,BK076,2.0,5.59
608,BK024,2.0,
609,BK073,1.0,12.38
609,BK017,3.0,
609,BK136,1.0,7.6
610,BK058,1.0,9.86
610,BK049,3.0,7.74
610,BK013,1.0,8.65
610,BK102,2.0,14.48
611,BK170,1.0,13.98
611,BK083,1.0,11.28
611,BK076,2.0,5.59
611,BK179,1.0,10.16
612,BK093,,10.09
612,BK062,3.0,6.32
612,BK118,2.0,14.28
613,BK108,1.0,17.63
613,BK170,3.0,13.98
613,BK173,2.0,7.23
614,BK119,1.0,9.56
614,BK166,3.0,11.34
614,BK139,3.0,15.34
614,BK193,2.0,12.2
614,BK152,3.0,
615,BK168,2.0,11.57
615,BK144,3.0,16.51
615,BK107,2.0,14.49
615,BK163,3.0,14.55
616,BK191,1.0,5.96
616,BK062,3.0,6.32
616,BK178,1.0,10.97
616,BK077,1.0,8.26
616,BK081,2.0,8.55
617,BK113,1.0,15.86
618,BK122,2.0,5.19
618,BK078,2.0,6.71
618,BK135,1.0,7.48
618,BK092,2.0,7.91
618,BK169,2.0,7.9
619,BK130,1.0,6.53
619,BK072,2.0,9.08
619,BK010,1.0,4.97
619,BK163,2.0,14.55
620,BK175,2.0,6.71
620,BK181,3.0,6.95
621,BK171,2.0,8.59
621,BK172,1.0,7.19
622,BK099,1.0,10.17
623,BK052,3.0,10.26
623,BK200,1.0,11.74
623,BK069,1.0,7.35
623,BK040,2.0,8.0
624,BK046,2.0,5.91
624,BK037,2.0,6.93
624,BK120,2.0,7.16
624,BK142,2.0,8.55
624,BK063,3.0,6.42
625,BK091,2.0,7.75
625,BK199,1.0,16.57
625,BK007,3.0,9.15
626,BK142,1.0,8.55
626,BK157,3.0,16.53
626,BK014,1.0,7.53
627,BK064,2.0,5.03
627,BK015,,7.17
628,BK158,3.0,10.58
628,BK140,1.0,6.95
628,BK062,1.0,6.32
628,BK121,1.0,7.09
628,BK159,3.0,7.27
629,BK037,1.0,6.93
629,BK128,1.0,8.29
629,BK188,1.0,13.19
630,BK075,2.0,9.63
630,BK065,3.0,13.11
630,BK138,1.0,11.45
631,BK065,2.0,13.11
632,BK034,2.0,6.58
632,BK118,1.0,14.28
632,BK048,2.0,7.41
632,BK119,1.0,9.56
632,BK121,1.0,7.09
633,BK014,3.0,7.53
633,BK093,2.0,10.09
633,BK178,1.0,10.97
634,BK090,3.0,5.0
634,BK187,1.0,9.24
634,BK176,3.0,15.13
635,BK033,3.0,5.9
636,BK022,3.0,16.47
636,BK055,1.0,6.54
636,BK027,1.0,10.13
636,BK111,1.0,7.43
636,BK195,3.0,9.7
637,BK130,1.0,6.53
637,BK004,3.0,8.04
637,BK040,1.0,8.0
637,BK191,3.0,5.96
637,BK185,1.0,6.34
638,BK171,2.0,8.59
638,BK130,2.0,6.53
638,BK144,1.0,16.51
638,BK086,3.0,7.24
639,BK192,1.0,8.51
639,BK061,3.0,6.99
639,BK056,3.0,9.34
639,BK171,1.0,8.59
640,BK045,2.0,5.91
640,BK162,2.0,
640,BK145,3.0,8.2
640,BK107,1.0,14.49
641,BK171,1.0,8.59
641,BK087,3.0,15.27
642,BK078,3.0,6.71
642,BK121,1.0,7.09
643,BK022,2.0,16.47
643,BK071,2.0,16.09
643,BK118,1.0,14.28
643,BK147,1.0,12.15
644,BK110,3.0,15.83
645,BK086,3.0,7.24
645,BK046,3.0,5.91
645,BK042,1.0,13.02
645,BK084,3.0,8.55
645,BK075,,9.63
646,BK067,1.0,10.97
646,BK077,2.0,8.26
646,BK090,1.0,5.0
646,BK022,1.0,16.47
646,BK176,3.0,15.13
647,BK029,3.0,5.11
647,BK167,2.0,12.35
647,BK083,2.0,11.28
647,BK065,2.0,13.11
647,BK168,3.0,11.57
648,BK010,1.0,4.97
648,BK127,3.0,10.9
648,BK063,3.0,6.42
648,BK062,1.0,6.32
649,BK166,2.0,11.34
649,BK115,2.0,7.92
650,BK170,3.0,13.98
651,BK125,3.0,5.9
651,BK128,,8.29
651,BK156,3.0,8.16
652,BK163,3.0,14.55
652,BK027,1.0,10.13
653,BK191,1.0,5.96
653,BK188,2.0,13.19
653,BK056,1.0,9.34
653,BK060,1.0,9.28
654,BK195,2.0,9.7
654,BK104,2.0,7.89
654,BK045,3.0,5.91
654,BK026,2.0,4.71
654,BK180,,17.26
655,BK192,1.0,8.51
655,BK045,2.0,5.91
655,BK110,,15.83
656,BK024,3.0,
656,BK106,1.0,5.99
657,BK086,2.0,7.24
657,BK180,2.0,17.26
657,BK018,1.0,7.08
657,BK191,3.0,5.96
657,BK125,1.0,5.9
658,BK134,2.0,23.71
658,BK029,3.0,5.11
659,BK072,2.0,9.08
659,BK116,1.0,
659,BK009,1.0,5.51
659,BK056,3.0,9.34
659,BK030,1.0,7.34
660,BK119,2.0,9.56
660,BK176,2.0,15.13
660,BK021,3.0,8.29
660,BK139,1.0,15.34
661,BK175,2.0,6.71
661,BK182,1.0,6.22
661,BK165,1.0,9.62
661,BK040,2.0,8.0
661,BK141,1.0,10.51
662,BK052,2.0,10.26
663,BK139,2.0,15.34
663,BK067,2.0,10.97
663,BK032,,13.63
663,BK131,3.0,13.48
663,BK195,1.0,9.7
664,BK179,2.0,10.16
665,BK023,1.0,8.99
665,BK057,1.0,8.32
665,BK134,1.0,23.71
665,BK149,1.0,8.52
665,BK019,1.0,14.23
666,BK050,1.0,10.13
666,BK097,3.0,5.15
666,BK006,1.0,12.14
666,BK199,2.0,16.57
666,BK007,1.0,9.15
667,BK180,1.0,17.26
667,BK196,3.0,14.67
668,BK005,3.0,
669,BK113,1.0,15.86
670,BK104,1.0,7.89
670,BK038,3.0,4.64
670,BK007,2.0,9.15
671,BK121,1.0,7.09
671,BK148,3.0,6.47
672,BK014,2.0,7.53
672,BK121,2.0,7.09
672,BK032,2.0,13.63
673,BK031,3.0,7.31
673,BK105,3.0,6.6
673,BK125,2.0,5.9
673,BK199,2.0,16.57
673,BK107,1.0,14.49
674,BK142,1.0,8.55
674,BK145,2.0,8.2
674,BK113,2.0,15.86
675,BK062,1.0,6.32
675,BK008,1.0,5.95
676,BK074,1.0,15.18
676,BK068,2.0,6.38
676,BK063,1.0,6.42
677,BK140,3.0,6.95
678,BK169,2.0,7.9
678,BK043,1.0,6.76
679,BK043,1.0,6.76
679,BK066,1.0,3.99
679,BK139,3.0,15.34
679,BK044,,7.97
680,BK176,3.0,15.13
680,BK059,2.0,16.91
681,BK077,1.0,8.26
681,BK064,3.0,5.03
682,BK085,1.0,10.61
682,BK104,2.0,7.89
683,BK097,1.0,5.15
684,BK195,3.0,9.7
684,BK074,3.0,15.18
685,BK053,2.0,
686,BK030,1.0,7.34
686,BK128,1.0,8.29
686,BK009,3.0,5.51
687,BK195,2.0,9.7
688,BK059,2.0,16.91
688,BK030,3.0,7.34
688,BK132,2.0,9.48
688,BK116,2.0,
689,BK085,,10.61
689,BK095,2.0,5.48
689,BK124,2.0,8.12
689,BK070,1.0,6.3
690,BK004,,8.04
690,BK002,2.0,
691,BK146,1.0,4.63
691,BK100,2.0,5.85
691,BK106,2.0,5.99
691,BK137,2.0,8.18
692,BK156,3.0,8.16
692,BK075,1.0,9.63
692,BK194,2.0,5.61
693,BK001,2.0,10.93
693,BK180,1.0,17.26
693,BK083,,11.28
694,BK051,2.0,6.32
694,BK068,3.0,6.38
694,BK104,3.0,7.89
695,BK168,1.0,11.57
695,BK163,2.0,14.55
695,BK140,3.0,6.95
695,BK189,1.0,6.02
695,BK089,1.0,14.57
696,BK147,2.0,12.15
696,BK146,1.0,4.63
696,BK037,3.0,6.93
697,BK064,1.0,5.03
697,BK024,3.0,
697,BK149,1.0,8.52
697,BK198,1.0,6.76
697,BK072,2.0,9.08
698,BK089,3.0,14.57
698,BK199,1.0,16.57
698,BK187,1.0,9.24
698,BK096,1.0,5.79
699,BK160,3.0,13.83
700,BK043,2.0,6.76
700,BK032,1.0,13.63
700,BK002,2.0,
701,BK071,3.0,16.09
701,BK031,2.0,7.31
701,BK123,2.0,7.28
701,BK076,2.0,5.59
701,BK143,1.0,11.56
702,BK028,1.0,7.21
702,BK013,2.0,8.65
702,BK047,2.0,6.24
703,BK047,1.0,6.24
703,BK157,2.0,16.53
704,BK014,2.0,7.53
704,BK160,2.0,13.83
705,BK042,1.0,13.02
705,BK173,1.0,7.23
705,BK036,3.0,5.31
705,BK066,2.0,3.99
705,BK185,1.0,6.34
706,BK196,1.0,14.67
707,BK081,2.0,8.55
707,BK044,,7.97
707,BK054,1.0,7.48
707,BK152,3.0,
707,BK069,1.0,7.35
708,BK106,2.0,5.99
708,BK177,3.0,5.73
708,BK029,1.0,5.11
708,BK125,2.0,5.9
709,BK130,2.0,6.53
709,BK198,3.0,6.76
710,BK142,3.0,8.55
710,BK128,3.0,8.29
710,BK034,2.0,6.58
710,BK183,3.0,8.61
711,BK014,3.0,7.53
711,BK062,2.0,6.32
711,BK021,2.0,8.29
711,BK032,2.0,13.63
712,BK159,1.0,7.27
712,BK110,1.0,15.83
712,BK109,2.0,6.09
712,BK174,2.0,19.61
713,BK149,1.0,8.52
713,BK197,1.0,10.91
713,BK157,3.0,16.53
713,BK076,1.0,5.59
714,BK185,1.0,6.34
714,BK045,2.0,5.91
714,BK195,2.0,9.7
714,BK145,2.0,8.2
715,BK124,2.0,8.12
715,BK169,2.0,7.9
716,BK188,1.0,13.19
716,BK097,3.0,5.15
716,BK174,1.0,19.61
717,BK040,1.0,8.0
717,BK010,1.0,4.97
717,BK157,2.0,16.53
717,BK079,1.0,7.38
717,BK154,1.0,3.99
718,BK152,1.0,
718,BK052,1.0,10.26
718,BK193,3.0,12.2
719,BK037,1.0,6.93
719,BK039,3.0,13.04
720,BK003,1.0,9.58
721,BK128,3.0,8.29
722,BK072,1.0,9.08
723,BK168,3.0,11.57
723,BK017,,
723,BK186,2.0,3.99
723,BK013,1.0,8.65
723,BK126,1.0,8.86
724,BK185,2.0,6.34
724,BK167,2.0,12.35
724,BK040,1.0,8.0
724,BK048,1.0,7.41
724,BK093,2.0,10.09
725,BK049,2.0,7.74
725,BK096,3.0,5.79
725,BK020,1.0,9.13
726,BK181,1.0,6.95
726,BK004,2.0,8.04
726,BK138,2.0,11.45
726,BK094,2.0,12.74
726,BK062,2.0,6.32
727,BK115,3.0,7.92
727,BK009,3.0,5.51
727,BK034,2.0,6.58
727,BK075,2.0,9.63
727,BK081,2.0,8.55
728,BK060,3.0,9.28
728,BK128,2.0,8.29
728,BK176,3.0,15.13
728,BK153,1.0,7.17
729,BK163,3.0,14.55
729,BK105,2.0,6.6
729,BK033,3.0,5.9
729,BK028,3.0,7.21
729,BK111,3.0,7.43
730,BK014,2.0,7.53
730,BK154,1.0,3.99
730,BK108,2.0,17.63
730,BK050,1.0,10.13
730,BK165,1.0,9.62
731,BK107,2.0,14.49
731,BK126,1.0,8.86
732,BK153,3.0,7.17
732,BK004,3.0,8.04
732,BK161,2.0,14.3
732,BK009,3.0,5.51
733,BK030,1.0,7.34
733,BK052,1.0,10.26
733,BK085,3.0,10.61
733,BK170,1.0,13.98
734,BK152,,
735,BK082,1.0,10.64
735,BK155,1.0,11.93
735,BK130,1.0,6.53
735,BK025,3.0,9.97
735,BK115,1.0,7.92
736,BK097,3.0,5.15
736,BK131,2.0,13.48
736,BK135,2.0,7.48
736,BK046,1.0,5.91
736,BK106,3.0,5.99
737,BK134,2.0,23.71
737,BK027,3.0,10.13
738,BK040,1.0,8.0
738,BK050,2.0,10.13
738,BK148,3.0,6.47
738,BK170,,13.98
738,BK057,1.0,8.32
739,BK036,2.0,5.31
740,BK134,1.0,23.71
740,BK058,2.0,9.86
740,BK037,3.0,6.93
740,BK043,3.0,6.76
741,BK052,2.0,10.26
741,BK117,2.0,5.79
741,BK128,2.0,8.29
742,BK049,2.0,7.74
743,BK073,1.0,12.38
743,BK112,2.0,11.17
743,BK111,1.0,7.43
743,BK162,3.0,
744,BK022,3.0,16.47
745,BK176,3.0,15.13
745,BK080,1.0,
746,BK054,2.0,7.48
746,BK005,1.0,8.6
746,BK127,1.0,10.9
747,BK104,1.0,7.89
747,BK052,3.0,10.26
747,BK166,3.0,11.34
748,BK183,1.0,8.61
748,BK142,2.0,8.55
749,BK017,3.0,
749,BK170,1.0,13.98
750,BK121,3.0,7.09
750,BK110,1.0,15.83
750,BK099,1.0,10.17
750,BK085,3.0,10.61
751,BK197,1.0,10.91
751,BK012,2.0,12.47
751,BK158,3.0,10.58
751,BK025,3.0,9.97
751,BK163,2.0,14.55
752,BK061,3.0,6.99
752,BK200,1.0,11.74
752,BK154,2.0,3.99
752,BK193,3.0,12.2
753,BK057,3.0,8.32
753,BK039,2.0,13.04
753,BK062,3.0,6.32
754,BK037,1.0,6.93
754,BK082,1.0,10.64
754,BK036,2.0,5.31
755,BK055,3.0,6.54
756,BK011,2.0,16.16
756,BK183,2.0,8.61
756,BK094,1.0,12.74
757,BK031,1.0,7.31
757,BK032,1.0,13.63
757,BK126,3.0,8.86
758,BK162,2.0,
759,BK067,1.0,10.97
759,BK072,1.0,9.08
759,BK020,3.0,9.13
760,BK034,1.0,6.58
760,BK151,2.0,10.17
760,BK130,3.0,6.53
760,BK044,2.0,7.97
761,BK051,1.0,6.32
761,BK080,1.0,8.69
762,BK174,3.0,19.61
762,BK158,2.0,10.58
762,BK102,1.0,14.48
763,BK037,3.0,6.93
763,BK035,1.0,9.92
763,BK008,1.0,5.95
764,BK184,,17.57
764,BK198,2.0,6.76
764,BK144,3.0,16.51
764,BK043,2.0,6.76
764,BK119,1.0,9.56
765,BK017,1.0,
765,BK072,2.0,9.08
765,BK189,1.0,6.02
765,BK190,3.0,12.67
766,BK126,3.0,8.86
766,BK053,1.0,
766,BK176,,15.13
767,BK032,2.0,13.63
767,BK124,3.0,8.12
768,BK024,3.0,
769,BK060,2.0,9.28
770,BK021,1.0,8.29
770,BK130,1.0,6.53
771,BK156,3.0,8.16
771,BK020,3.0,9.13
772,BK082,1.0,10.64
772,BK103,1.0,8.07
772,BK077,3.0,8.26
773,BK132,1.0,9.48
773,BK119,1.0,9.56
773,BK095,2.0,5.48
774,BK082,3.0,10.64
774,BK162,2.0,
774,BK023,1.0,8.99
775,BK162,3.0,
776,BK129,2.0,11.76
776,BK066,1.0,3.99
777,BK073,2.0,12.38
777,BK014,2.0,7.53
778,BK033,2.0,5.9
778,BK180,1.0,17.26
778,BK107,2.0,14.49
778,BK097,1.0,5.15
779,BK187,2.0,9.24
779,BK170,3.0,13.98
779,BK055,3.0,6.54
779,BK124,3.0,8.12
780,BK082,3.0,10.64
780,BK062,2.0,6.32
780,BK067,2.0,10.97
780,BK100,1.0,5.85
781,BK057,2.0,8.32
782,BK186,3.0,3.99
782,BK014,3.0,7.53
782,BK139,1.0,15.34
782,BK001,2.0,10.93
783,BK047,3.0,6.24
783,BK078,2.0,
783,BK167,1.0,12.35
784,BK066,1.0,3.99
785,BK055,2.0,6.54
785,BK182,3.0,6.22
785,BK160,3.0,13.83
786,BK028,3.0,7.21
786,BK176,3.0,15.13
787,BK165,3.0,9.62
787,BK139,3.0,15.34
788,BK054,1.0,7.48
788,BK050,3.0,10.13
788,BK127,1.0,10.9
789,BK093,3.0,10.09
789,BK092,2.0,7.91
789,BK018,2.0,7.08
790,BK135,1.0,7.48
790,BK073,1.0,12.38
790,BK189,2.0,6.02
791,BK019,2.0,14.23
791,BK006,2.0,12.14
792,BK136,3.0,7.6
792,BK080,3.0,8.69
792,BK200,1.0,11.74
792,BK103,3.0,8.07
792,BK161,2.0,14.3
793,BK145,2.0,8.2
793,BK187,3.0,9.24
793,BK094,2.0,12.74
794,BK017,2.0,
794,BK169,1.0,7.9
794,BK124,2.0,8.12
794,BK156,3.0,8.16
794,BK026,1.0,4.71
795,BK020,2.0,9.13
795,BK182,3.0,6.22
795,BK136,1.0,7.6
795,BK101,3.0,7.56
796,BK056,1.0,9.34
796,BK006,1.0,12.14
796,BK040,2.0,8.0
796,BK039,1.0,13.04
797,BK072,3.0,9.08
797,BK024,3.0,
798,BK152,1.0,
798,BK140,3.0,6.95
799,BK127,2.0,10.9
799,BK162,1.0,
799,BK096,3.0,5.79
799,BK031,2.0,7.31
799,BK119,2.0,9.56
800,BK063,1.0,6.42
800,BK161,1.0,14.3
800,BK046,1.0,5.91
800,BK086,1.0,7.24
800,BK103,3.0,8.07
801,BK141,1.0,10.51
802,BK122,2.0,5.19
803,BK060,2.0,9.28
803,BK180,2.0,17.26
803,BK043,2.0,6.76
803,BK167,1.0,12.35
804,BK031,1.0,7.31
804,BK005,1.0,8.6
804,BK091,2.0,7.75
804,BK163,3.0,14.55
805,BK071,1.0,16.09
805,BK153,2.0,7.17
805,BK001,2.0,10.93
805,BK195,1.0,9.7
806,BK165,1.0,9.62
806,BK152,2.0,
807,BK140,3.0,6.95
807,BK038,1.0,4.64
808,BK013,2.0,
809,BK040,3.0,8.0
809,BK114,3.0,8.52
810,BK040,2.0,8.0
810,BK126,1.0,8.86
810,BK056,1.0,9.34
810,BK136,2.0,7.6
811,BK098,2.0,15.3
811,BK077,1.0,8.26
811,BK071,,16.09
811,BK045,1.0,5.91
812,BK092,2.0,7.91
812,BK097,3.0,5.15
812,BK028,1.0,7.21
812,BK155,1.0,11.93
812,BK131,3.0,13.48
813,BK083,1.0,11.28
814,BK135,1.0,7.48
814,BK057,1.0,8.32
814,BK101,2.0,7.56
814,BK085,1.0,10.61
815,BK132,3.0,9.48
816,BK059,2.0,16.91
816,BK140,2.0,6.95
816,BK103,2.0,8.07
816,BK021,2.0,8.29
816,BK067,1.0,10.97
817,BK140,2.0,6.95
817,BK009,2.0,5.51
817,BK100,3.0,5.85
817,BK052,3.0,10.26
817,BK160,2.0,13.83
818,BK032,1.0,13.63
818,BK073,3.0,12.38
819,BK067,3.0,10.97
819,BK137,2.0,8.18
819,BK192,1.0,8.51
819,BK061,1.0,6.99
820,BK190,2.0,12.67
821,BK006,3.0,12.14
821,BK182,3.0,6.22
822,BK021,3.0,8.29
822,BK193,1.0,12.2
822,BK137,1.0,8.18
822,BK040,3.0,8.0
822,BK173,3.0,7.23
823,BK051,1.0,6.32
823,BK157,2.0,16.53
823,BK104,2.0,7.89
823,BK088,3.0,7.2
824,BK101,2.0,7.56
824,BK070,1.0,6.3
825,BK065,2.0,13.11
826,BK023,2.0,8.99
826,BK006,2.0,12.14
826,BK092,1.0,7.91
827,BK181,3.0,6.95
827,BK002,2.0,
828,BK085,,10.61
828,BK112,2.0,11.17
829,BK015,3.0,7.17
829,BK133,2.0,16.75
829,BK011,2.0,16.16
830,BK199,2.0,16.57
830,BK110,1.0,15.83
830,BK155,1.0,11.93
830,BK188,1.0,13.19
830,BK051,1.0,6.32
831,BK173,2.0,7.23
832,BK085,1.0,10.61
832,BK002,3.0,
833,BK167,2.0,12.35
833,BK150,2.0,12.36
834,BK140,1.0,6.95
834,BK163,2.0,14.55
834,BK031,1.0,7.31
835,BK183,3.0,8.61
835,BK141,3.0,10.51
836,BK099,2.0,10.17
836,BK051,2.0,6.32
837,BK173,1.0,7.23
837,BK049,1.0,7.74
837,BK141,1.0,10.51
837,BK135,1.0,7.48
837,BK109,2.0,6.09
838,BK116,3.0,
838,BK094,1.0,12.74
839,BK029,1.0,5.11
840,BK175,1.0,6.71
840,BK160,1.0,13.83
840,BK068,2.0,6.38
840,BK071,3.0,
840,BK193,2.0,12.2
841,BK086,2.0,7.24
841,BK068,3.0,6.38
841,BK184,3.0,17.57
842,BK054,1.0,7.48
842,BK192,1.0,8.51
842,BK180,3.0,17.26
842,BK194,1.0,5.61
843,BK031,1.0,7.31
844,BK031,3.0,7.31
844,BK020,1.0,9.13
845,BK036,3.0,5.31
845,BK013,1.0,8.65
845,BK163,1.0,14.55
845,BK178,3.0,10.97
845,BK124,2.0,8.12
846,BK138,1.0,11.45
846,BK106,2.0,5.99
846,BK120,2.0,7.16
847,BK050,1.0,10.13
848,BK173,3.0,7.23
848,BK080,,8.69
848,BK051,2.0,6.32
848,BK066,3.0,3.99
848,BK114,2.0,8.52
849,BK104,1.0,7.89
849,BK012,3.0,12.47
849,BK097,1.0,5.15
849,BK150,1.0,12.36
850,BK045,2.0,5.91
850,BK048,3.0,7.41
850,BK016,3.0,
851,BK102,3.0,14.48
852,BK063,2.0,6.42
852,BK146,3.0,4.63
852,BK105,3.0,6.6
852,BK086,3.0,7.24
853,BK151,3.0,10.17
853,BK036,1.0,5.31
853,BK099,1.0,10.17
853,BK047,3.0,6.24
854,BK021,1.0,8.29
854,BK080,1.0,8.69
855,BK050,1.0,10.13
855,BK073,2.0,12.38
855,BK124,1.0,8.12
855,BK100,1.0,5.85
855,BK051,,6.32
856,BK093,2.0,10.09
857,BK048,3.0,7.41
857,BK093,3.0,10.09
857,BK088,2.0,7.2
857,BK174,1.0,19.61
858,BK067,2.0,10.97
858,BK200,2.0,
858,BK172,1.0,7.19
859,BK047,3.0,6.24
859,BK186,1.0,3.99
860,BK025,1.0,9.97
860,BK022,1.0,16.47
860,BK105,3.0,6.6
861,BK042,2.0,13.02
861,BK153,3.0,7.17
862,BK103,3.0,8.07
862,BK116,3.0,
862,BK060,1.0,9.28
862,BK043,1.0,6.76
862,BK192,,8.51
863,BK033,2.0,5.9
863,BK139,3.0,15.34
863,BK087,1.0,15.27
863,BK018,3.0,7.08
864,BK115,3.0,
864,BK071,3.0,16.09
864,BK034,1.0,6.58
864,BK156,3.0,8.16
864,BK026,2.0,4.71
865,BK054,3.0,7.48
865,BK160,,13.83
865,BK029,1.0,5.11
865,BK023,2.0,8.99
866,BK127,3.0,10.9
867,BK045,2.0,5.91
867,BK121,2.0,7.09
867,BK150,1.0,12.36
868,BK120,,7.16
868,BK072,1.0,9.08
868,BK087,3.0,15.27
869,BK135,2.0,7.48
869,BK180,,17.26
869,BK130,3.0,6.53
869,BK008,3.0,5.95
869,BK153,2.0,7.17
870,BK117,3.0,5.79
871,BK058,2.0,9.86
871,BK154,2.0,3.99
872,BK168,1.0,11.57
872,BK065,2.0,13.11
872,BK030,2.0,7.34
872,BK016,2.0,
872,BK011,1.0,16.16
873,BK035,2.0,9.92
873,BK175,3.0,6.71
873,BK069,1.0,7.35
873,BK077,2.0,8.26
873,BK002,2.0,
874,BK060,1.0,9.28
874,BK071,2.0,16.09
874,BK092,3.0,7.91
875,BK094,3.0,12.74
875,BK098,2.0,15.3
876,BK024,3.0,
876,BK054,3.0,7.48
876,BK128,2.0,8.29
876,BK164,3.0,7.23
876,BK055,2.0,6.54
877,BK083,3.0,11.28
877,BK173,2.0,7.23
878,BK021,,8.29
879,BK115,3.0,7.92
879,BK152,3.0,
879,BK131,2.0,13.48
879,BK110,3.0,15.83
879,BK124,3.0,8.12
880,BK077,3.0,8.26
880,BK103,3.0,8.07
880,BK190,1.0,12.67
880,BK176,2.0,15.13
881,BK124,2.0,8.12
881,BK021,3.0,8.29
881,BK165,2.0,9.62
881,BK029,3.0,5.11
882,BK013,3.0,8.65
882,BK017,3.0,
882,BK129,2.0,11.76
883,BK062,1.0,6.32
883,BK134,1.0,23.71
883,BK171,3.0,8.59
883,BK107,3.0,14.49
884,BK167,3.0,12.35
885,BK050,3.0,10.13
885,BK178,,
886,BK005,1.0,8.6
886,BK117,2.0,5.79
886,BK139,2.0,15.34
886,BK169,3.0,7.9
886,BK078,1.0,6.71
887,BK008,3.0,5.95
887,BK013,2.0,8.65
888,BK195,3.0,9.7
888,BK005,1.0,8.6
888,BK187,1.0,9.24
888,BK062,1.0,6.32
889,BK154,1.0,3.99
889,BK093,1.0,10.09
890,BK077,2.0,8.26
890,BK138,1.0,11.45
891,BK043,1.0,6.76
891,BK109,2.0,6.09
891,BK170,1.0,13.98
892,BK143,2.0,11.56
892,BK004,3.0,8.04
892,BK080,3.0,8.69
892,BK172,1.0,7.19
892,BK069,2.0,7.35
893,BK043,2.0,6.76
893,BK109,3.0,6.09
893,BK041,1.0,8.97
893,BK148,1.0,6.47
894,BK042,3.0,13.02
895,BK094,3.0,12.74
896,BK018,1.0,7.08
896,BK046,3.0,5.91
896,BK077,3.0,8.26
896,BK105,3.0,6.6
896,BK010,2.0,4.97
897,BK135,3.0,7.48
898,BK179,3.0,10.16
898,BK084,1.0,8.55
899,BK166,1.0,11.34
899,BK002,3.0,
899,BK113,2.0,15.86
899,BK107,2.0,14.49
899,BK175,1.0,6.71
900,BK057,3.0,8.32
900,BK146,1.0,4.63
900,BK113,3.0,15.86
901,BK184,2.0,17.57
901,BK168,3.0,11.57
901,BK067,2.0,10.97
901,BK072,1.0,
901,BK074,3.0,15.18
902,BK200,3.0,11.74
902,BK167,3.0,12.35
902,BK146,3.0,4.63
902,BK169,3.0,7.9
903,BK035,3.0,9.92
903,BK132,1.0,9.48
903,BK033,2.0,5.9
903,BK025,2.0,9.97
904,BK014,1.0,7.53
905,BK182,3.0,6.22
905,BK107,2.0,14.49
905,BK054,3.0,7.48
906,BK003,3.0,9.58
906,BK065,2.0,13.11
906,BK060,2.0,9.28
906,BK103,1.0,8.07
906,BK185,2.0,6.34
907,BK057,3.0,8.32
908,BK151,3.0,10.17
909,BK047,1.0,6.24
909,BK070,3.0,6.3
909,BK102,1.0,14.48
909,BK076,1.0,5.59
909,BK185,3.0,6.34
910,BK116,2.0,
910,BK129,2.0,11.76
911,BK123,2.0,7.28
911,BK034,1.0,6.58
911,BK054,3.0,7.48
911,BK052,3.0,10.26
911,BK106,3.0,5.99
912,BK148,2.0,6.47
913,BK083,2.0,11.28
913,BK121,1.0,7.09
913,BK054,1.0,7.48
913,BK109,3.0,6.09
913,BK172,3.0,7.19
914,BK111,1.0,7.43
914,BK148,2.0,6.47
914,BK019,3.0,14.23
914,BK195,2.0,9.7
915,BK177,3.0,5.73
916,BK123,3.0,7.28
917,BK073,2.0,12.38
917,BK068,2.0,6.38
917,BK032,3.0,13.63
917,BK036,3.0,5.31
917,BK144,2.0,16.51
918,BK179,1.0,10.16
918,BK076,3.0,5.59
918,BK075,3.0,9.63
918,BK008,3.0,5.95
918,BK089,1.0,14.57
919,BK010,1.0,4.97
919,BK101,3.0,7.56
919,BK194,2.0,5.61
919,BK108,1.0,17.63
919,BK092,2.0,7.91
920,BK184,3.0,17.57
920,BK071,1.0,16.09
921,BK104,1.0,7.89
921,BK089,2.0,14.57
921,BK093,2.0,10.09
922,BK172,3.0,7.19
923,BK134,,23.71
923,BK094,2.0,12.74
923,BK044,1.0,7.97
924,BK108,2.0,17.63
924,BK031,3.0,7.31
925,BK140,3.0,6.95
925,BK012,1.0,12.47
925,BK022,1.0,16.47
926,BK162,2.0,
927,BK072,3.0,9.08
928,BK002,3.0,
928,BK137,3.0,8.18
928,BK023,2.0,8.99
929,BK191,1.0,5.96
929,BK199,,16.57
929,BK040,1.0,8.0
930,BK197,3.0,10.91
930,BK107,3.0,14.49
931,BK177,2.0,5.73
931,BK069,3.0,7.35
931,BK040,3.0,8.0
931,BK058,3.0,9.86
932,BK189,1.0,6.02
932,BK056,2.0,9.34
933,BK088,1.0,7.2
934,BK126,3.0,8.86
934,BK067,2.0,10.97
934,BK035,1.0,9.92
934,BK038,2.0,4.64
934,BK056,3.0,9.34
935,BK131,2.0,13.48
935,BK158,2.0,10.58
935,BK173,2.0,7.23
936,BK116,1.0,
936,BK180,3.0,17.26
936,BK090,2.0,5.0
937,BK152,2.0,
938,BK032,2.0,13.63
938,BK183,2.0,8.61
938,BK057,3.0,8.32
938,BK062,1.0,6.32
939,BK087,1.0,15.27
939,BK025,2.0,9.97
939,BK034,3.0,6.58
940,BK126,2.0,8.86
940,BK174,1.0,19.61
941,BK096,1.0,5.79
941,BK160,1.0,13.83
941,BK072,1.0,9.08
941,BK085,2.0,10.61
942,BK026,1.0,4.71
942,BK095,1.0,5.48
943,BK156,,8.16
943,BK062,1.0,6.32
943,BK177,3.0,5.73
943,BK146,,4.63
944,BK023,2.0,8.99
944,BK180,1.0,17.26
944,BK104,2.0,7.89
944,BK111,2.0,7.43
945,BK122,2.0,5.19
945,BK068,1.0,6.38
945,BK125,3.0,5.9
946,BK007,2.0,9.15
946,BK078,2.0,6.71
946,BK093,3.0,10.09
946,BK036,1.0,5.31
946,BK066,3.0,3.99
947,BK034,3.0,6.58
947,BK001,2.0,10.93
947,BK137,1.0,8.18
947,BK158,1.0,10.58
947,BK061,1.0,6.99
948,BK071,1.0,16.09
949,BK190,3.0,12.67
949,BK048,3.0,7.41
949,BK066,2.0,3.99
949,BK011,,16.16
949,BK143,2.0,11.56
950,BK181,3.0,6.95
951,BK166,2.0,11.34
951,BK160,1.0,13.83
951,BK180,3.0,17.26
951,BK174,3.0,19.61
952,BK114,1.0,8.52
952,BK022,1.0,16.47
952,BK111,2.0,7.43
952,BK178,1.0,10.97
952,BK042,1.0,
953,BK020,,9.13
954,BK191,1.0,5.96
955,BK153,2.0,7.17
955,BK052,2.0,10.26
955,BK037,2.0,6.93
956,BK100,2.0,5.85
956,BK011,3.0,16.16
956,BK121,1.0,7.09
957,BK197,2.0,10.91
958,BK185,1.0,6.34
958,BK188,1.0,13.19
959,BK159,3.0,7.27
959,BK184,2.0,17.57
959,BK136,1.0,7.6
959,BK084,2.0,8.55
959,BK196,3.0,14.67
960,BK195,2.0,9.7
960,BK067,3.0,10.97
960,BK072,2.0,9.08
960,BK189,1.0,6.02
960,BK080,3.0,8.69
961,BK001,3.0,10.93
961,BK092,1.0,7.91
961,BK094,2.0,12.74
961,BK083,1.0,11.28
962,BK192,1.0,8.51
962,BK103,3.0,8.07
962,BK168,2.0,11.57
963,BK185,2.0,6.34
964,BK055,2.0,6.54
964,BK042,3.0,13.02
965,BK142,2.0,8.55
965,BK172,2.0,7.19
965,BK008,1.0,5.95
965,BK130,1.0,6.53
965,BK004,1.0,8.04
966,BK156,3.0,8.16
966,BK147,2.0,12.15
966,BK089,2.0,14.57
967,BK147,2.0,12.15
967,BK167,1.0,12.35
968,BK109,3.0,6.09
968,BK120,1.0,7.16
968,BK007,1.0,9.15
969,BK192,1.0,8.51
970,BK011,3.0,
971,BK125,2.0,5.9
971,BK138,1.0,11.45
971,BK038,1.0,4.64
972,BK094,3.0,12.74
972,BK115,3.0,7.92
973,BK155,3.0,11.93
973,BK008,2.0,5.95
973,BK145,3.0,8.2
974,BK156,1.0,8.16
975,BK124,2.0,8.12
975,BK036,3.0,5.31
976,BK035,3.0,9.92
977,BK162,3.0,
977,BK132,3.0,9.48
977,BK145,3.0,8.2
977,BK197,3.0,10.91
977,BK114,2.0,8.52
978,BK100,3.0,5.85
978,BK001,3.0,10.93
978,BK125,2.0,5.9
979,BK005,2.0,8.6
979,BK051,2.0,6.32
979,BK157,3.0,16.53
980,BK169,,7.9
980,BK111,3.0,7.43
980,BK034,1.0,
981,BK131,3.0,13.48
981,BK005,1.0,8.6
981,BK190,2.0,12.67
981,BK092,1.0,7.91
981,BK050,1.0,10.13
982,BK099,3.0,10.17
982,BK090,2.0,5.0
983,BK020,1.0,9.13
983,BK114,1.0,8.52
983,BK139,1.0,15.34
984,BK001,1.0,10.93
985,BK083,2.0,11.28
986,BK143,2.0,11.56
986,BK022,1.0,16.47
986,BK005,3.0,8.6
986,BK111,1.0,7.43
986,BK114,2.0,8.52
987,BK121,3.0,7.09
987,BK132,2.0,9.48
988,BK094,3.0,12.74
988,BK162,3.0,
988,BK051,3.0,6.32
989,BK008,3.0,5.95
989,BK078,2.0,6.71
989,BK079,1.0,7.38
989,BK035,2.0,9.92
990,BK081,2.0,8.55
991,BK017,3.0,
991,BK129,3.0,11.76
991,BK140,3.0,6.95
992,BK056,3.0,9.34
992,BK027,3.0,10.13
993,BK096,2.0,5.79
994,BK118,2.0,14.28
994,BK167,3.0,12.35
994,BK134,1.0,23.71
995,BK081,1.0,8.55
996,BK006,2.0,12.14
997,BK110,2.0,15.83
997,BK179,2.0,10.16
997,BK031,1.0,7.31
997,BK118,1.0,14.28
998,BK018,3.0,7.08
998,BK003,1.0,9.58
999,BK063,1.0,6.42
999,BK085,1.0,10.61
1000,BK126,2.0,8.86
1000,BK122,3.0,5.19
1000,BK066,1.0,3.99
1000,BK091,2.0,7.75
1001,BK139,1.0,15.34
1001,BK062,3.0,6.32
1001,BK174,2.0,19.61
1002,BK114,3.0,8.52
1002,BK153,1.0,7.17
1002,BK193,2.0,12.2
1003,BK016,1.0,
1003,BK071,2.0,16.09
1003,BK120,1.0,7.16
1003,BK186,3.0,3.99
1004,BK167,2.0,12.35
1005,BK200,1.0,11.74
1005,BK102,1.0,14.48
1005,BK159,2.0,7.27
1005,BK183,1.0,8.61
1006,BK061,2.0,6.99
1006,BK028,3.0,7.21
1006,BK133,3.0,16.75
1007,BK167,2.0,12.35
1007,BK020,3.0,9.13
1007,BK117,1.0,5.79
1008,BK023,3.0,8.99
1009,BK167,2.0,12.35
1010,BK096,3.0,5.79
1010,BK038,3.0,4.64
1010,BK132,2.0,9.48
1010,BK029,1.0,5.11
1010,BK128,2.0,8.29
1011,BK056,1.0,9.34
1011,BK136,1.0,7.6
1011,BK024,1.0,
1012,BK039,3.0,
1013,BK156,2.0,8.16
1013,BK018,1.0,7.08
1013,BK133,2.0,16.75
1013,BK032,,13.63
1014,BK073,3.0,12.38
1014,BK016,2.0,
1014,BK133,2.0,16.75
1015,BK198,1.0,6.76
1015,BK194,2.0,5.61
1015,BK171,1.0,
1016,BK105,3.0,6.6
1017,BK101,2.0,7.56
1017,BK145,2.0,8.2
1018,BK016,1.0,
1018,BK151,3.0,10.17
1018,BK028,1.0,7.21
1019,BK130,1.0,6.53
1019,BK167,2.0,
1019,BK109,3.0,6.09
1019,BK199,1.0,16.57
1020,BK182,3.0,6.22
1020,BK010,1.0,4.97
1021,BK105,2.0,6.6
1021,BK071,2.0,16.09
1021,BK200,2.0,11.74
1021,BK057,3.0,8.32
1022,BK073,2.0,12.38
1022,BK040,2.0,8.0
1022,BK060,1.0,9.28
1023,BK058,2.0,9.86
1023,BK087,2.0,15.27
1024,BK145,2.0,8.2
1024,BK166,3.0,11.34
1024,BK175,2.0,6.71
1025,BK067,1.0,10.97
1025,BK076,3.0,5.59
1026,BK087,1.0,15.27
1027,BK131,2.0,13.48
1027,BK157,1.0,16.53
1027,BK017,1.0,
1028,BK113,1.0,15.86
1028,BK106,3.0,5.99
1029,BK199,3.0,16.57
1029,BK125,2.0,5.9
1029,BK141,1.0,10.51
1030,BK092,1.0,7.91
1030,BK070,3.0,6.3
1030,BK192,2.0,8.51
1030,BK144,2.0,16.51
1030,BK052,1.0,10.26
1031,BK002,3.0,
1031,BK138,3.0,11.45
1032,BK150,2.0,12.36
1032,BK087,3.0,15.27
1032,BK100,2.0,5.85
1032,BK086,2.0,7.24
1033,BK002,1.0,
1033,BK137,3.0,8.18
1033,BK094,2.0,12.74
1033,BK052,3.0,10.26
1034,BK132,1.0,9.48
1034,BK075,3.0,9.63
1034,BK099,3.0,10.17
1034,BK189,3.0,6.02
1035,BK143,2.0,11.56
1035,BK178,1.0,10.97
1036,BK144,1.0,16.51
1036,BK113,1.0,15.86
1036,BK187,3.0,9.24
1037,BK080,2.0,8.69
1038,BK050,1.0,10.13
1038,BK083,3.0,11.28
1038,BK130,1.0,
1038,BK150,2.0,12.36
1039,BK134,3.0,23.71
1039,BK095,2.0,5.48
1040,BK007,1.0,9.15
1040,BK185,2.0,6.34
1041,BK161,2.0,14.3
1041,BK140,1.0,6.95
1041,BK056,3.0,9.34
1041,BK195,1.0,9.7
1041,BK045,2.0,5.91
1042,BK080,2.0,8.69
1042,BK111,2.0,7.43
1043,BK079,1.0,7.38
1044,BK072,3.0,9.08
1045,BK197,2.0,10.91
1045,BK055,2.0,6.54
1045,BK179,2.0,10.16
1046,BK026,3.0,4.71
1046,BK060,3.0,9.28
1046,BK115,1.0,7.92
1047,BK192,2.0,8.51
1047,BK179,1.0,10.16
1047,BK094,2.0,
1047,BK039,2.0,13.04
1048,BK196,1.0,14.67
1048,BK191,3.0,5.96
1048,BK127,1.0,10.9
1049,BK093,3.0,10.09
1049,BK097,1.0,5.15
1049,BK006,3.0,12.14
1050,BK025,1.0,9.97
1050,BK119,2.0,9.56
1050,BK051,,6.32
1051,BK186,3.0,3.99
1052,BK131,1.0,13.48
1053,BK101,2.0,7.56
1053,BK039,,13.04
1053,BK120,1.0,7.16
1054,BK174,3.0,19.61
1055,BK088,3.0,7.2
1056,BK168,3.0,11.57
1056,BK054,2.0,7.48
1057,BK037,2.0,6.93
1057,BK043,1.0,6.76
1058,BK184,3.0,17.57
1058,BK012,2.0,12.47
1059,BK144,3.0,16.51
1060,BK091,1.0,7.75
1060,BK131,1.0,13.48
1060,BK110,1.0,15.83
1060,BK172,3.0,7.19
1060,BK193,1.0,12.2
1061,BK154,2.0,3.99
1061,BK034,3.0,6.58
1061,BK078,3.0,6.71
1062,BK133,1.0,16.75
1062,BK110,3.0,15.83
1062,BK160,1.0,
1062,BK012,1.0,12.47
1062,BK003,3.0,9.58
1063,BK083,3.0,11.28
1063,BK002,1.0,
1063,BK134,3.0,23.71
1063,BK124,3.0,8.12
1063,BK130,3.0,6.53
1064,BK046,3.0,5.91
1064,BK001,2.0,10.93
1064,BK043,1.0,6.76
1064,BK101,1.0,7.56
1064,BK099,2.0,10.17
1065,BK096,3.0,5.79
1066,BK034,1.0,6.58
1066,BK173,3.0,7.23
1067,BK164,3.0,7.23
1067,BK004,2.0,8.04
1067,BK110,1.0,15.83
1067,BK021,3.0,8.29
1067,BK030,1.0,7.34
1068,BK099,1.0,10.17
1069,BK148,,6.47
1069,BK087,3.0,15.27
1070,BK024,1.0,
1070,BK157,3.0,16.53
1071,BK082,3.0,10.64
1071,BK107,3.0,14.49
1071,BK058,2.0,9.86
1071,BK007,3.0,9.15
1071,BK052,3.0,10.26
1072,BK164,2.0,7.23
1072,BK083,3.0,11.28
1072,BK061,1.0,6.99
1072,BK193,2.0,12.2
1073,BK114,1.0,8.52
1073,BK076,2.0,5.59
1074,BK124,3.0,8.12
1074,BK169,3.0,7.9
1075,BK007,3.0,9.15
1075,BK080,1.0,8.69
1075,BK054,3.0,7.48
1076,BK051,2.0,6.32
1076,BK082,2.0,10.64
1077,BK116,2.0,
1077,BK135,1.0,7.48
1077,BK009,3.0,5.51
1078,BK158,1.0,10.58
1078,BK166,2.0,11.34
1078,BK011,3.0,16.16
1078,BK053,1.0,
1079,BK020,3.0,
1079,BK003,1.0,9.58
1079,BK163,2.0,14.55
1080,BK183,1.0,8.61
1080,BK101,2.0,7.56
1080,BK076,1.0,5.59
1080,BK037,3.0,6.93
1080,BK084,2.0,8.55
1081,BK072,1.0,9.08
1081,BK200,3.0,11.74
1082,BK009,2.0,5.51
1082,BK196,1.0,14.67
1082,BK120,2.0,7.16
1082,BK112,1.0,11.17
1082,BK198,3.0,6.76
1083,BK046,3.0,5.91
1084,BK146,3.0,4.63
1085,BK155,,11.93
1085,BK090,2.0,5.0
1085,BK074,3.0,15.18
1086,BK063,3.0,6.42
1086,BK180,3.0,17.26
1086,BK086,3.0,7.24
1086,BK200,3.0,11.74
1087,BK157,1.0,16.53
1087,BK113,3.0,15.86
1088,BK174,1.0,19.61
1089,BK067,3.0,10.97
1089,BK198,1.0,6.76
1089,BK117,2.0,5.79
1089,BK182,1.0,6.22
1089,BK027,2.0,10.13
1090,BK174,1.0,19.61
1091,BK162,1.0,
1091,BK028,1.0,7.21
1091,BK052,1.0,10.26
1091,BK048,2.0,7.41
1092,BK003,3.0,9.58
1092,BK172,2.0,7.19
1093,BK043,3.0,6.76
1093,BK131,1.0,13.48
1093,BK173,2.0,7.23
1093,BK194,3.0,5.61
1093,BK049,1.0,7.74
1094,BK197,3.0,10.91
1094,BK174,1.0,19.61
1094,BK195,2.0,9.7
1094,BK011,1.0,16.16
1094,BK042,2.0,13.02
1095,BK002,2.0,
1095,BK081,3.0,8.55
1096,BK065,2.0,13.11
1096,BK069,1.0,7.35
1096,BK007,2.0,9.15
1096,BK117,3.0,5.79
1096,BK163,1.0,14.55
1097,BK190,2.0,12.67
1098,BK005,2.0,8.6
1098,BK098,1.0,15.3
1098,BK086,1.0,7.24
1099,BK192,1.0,8.51
1099,BK144,2.0,16.51
1099,BK004,3.0,8.04
1099,BK028,1.0,7.21
1099,BK182,1.0,6.22
1100,BK051,1.0,6.32
1101,BK114,2.0,8.52
1101,BK165,3.0,
1101,BK004,1.0,8.04
1101,BK003,3.0,9.58
1102,BK093,3.0,10.09
1103,BK044,2.0,7.97
1103,BK119,1.0,9.56
1103,BK158,,10.58
1103,BK096,1.0,5.79
1103,BK005,3.0,8.6
1104,BK069,1.0,7.35
1104,BK145,3.0,8.2
1104,BK092,1.0,7.91
1104,BK102,1.0,14.48
1104,BK114,2.0,8.52
1105,BK059,1.0,16.91
1105,BK173,1.0,7.23
1106,BK199,3.0,16.57
1106,BK003,1.0,9.58
1106,BK184,1.0,17.57
1106,BK048,2.0,7.41
1106,BK023,2.0,8.99
1107,BK155,1.0,11.93
1108,BK086,3.0,7.24
1108,BK181,2.0,6.95
1108,BK115,2.0,7.92
1109,BK171,3.0,8.59
1109,BK143,3.0,11.56
1109,BK125,3.0,5.9
1110,BK003,2.0,9.58
1110,BK144,2.0,16.51
1110,BK074,2.0,15.18
1110,BK181,1.0,6.95
1110,BK033,2.0,5.9
1111,BK037,2.0,6.93
1112,BK126,2.0,8.86
1112,BK117,2.0,5.79
1113,BK190,1.0,12.67
1113,BK044,3.0,7.97
1113,BK142,2.0,8.55
1113,BK145,1.0,8.2
1113,BK121,1.0,7.09
1114,BK022,3.0,16.47
1115,BK055,2.0,6.54
1116,BK004,1.0,8.04
1116,BK058,2.0,9.86
1117,BK187,2.0,9.24
1117,BK136,3.0,7.6
1117,BK044,1.0,7.97
1117,BK089,3.0,14.57
1118,BK047,1.0,6.24
1119,BK009,1.0,5.51
1119,BK140,1.0,6.95
1119,BK155,2.0,11.93
1119,BK123,1.0,7.28
1120,BK061,1.0,6.99
1120,BK093,1.0,10.09
1121,BK069,2.0,7.35
1122,BK100,3.0,5.85
1122,BK190,1.0,12.67
1123,BK139,2.0,15.34
1123,BK102,2.0,14.48
1123,BK069,2.0,7.35
1123,BK096,2.0,
1123,BK033,2.0,5.9
1124,BK176,2.0,15.13
1124,BK073,1.0,12.38
1125,BK071,2.0,16.09
1126,BK055,2.0,6.54
1126,BK191,3.0,5.96
1126,BK062,3.0,6.32
1127,BK158,2.0,10.58
1127,BK139,1.0,15.34
1128,BK173,3.0,7.23
1129,BK028,3.0,7.21
1129,BK016,3.0,
1129,BK079,1.0,7.38
1129,BK107,3.0,14.49
1129,BK113,2.0,15.86
1130,BK109,2.0,6.09
1131,BK021,2.0,8.29
1131,BK082,1.0,10.64
1131,BK129,1.0,11.76
1131,BK085,3.0,10.61
1132,BK134,,23.71
1133,BK064,1.0,5.03
1133,BK150,3.0,12.36
1133,BK058,3.0,9.86
1133,BK112,1.0,11.17
1134,BK041,1.0,8.97
1134,BK108,2.0,17.63
1135,BK106,1.0,5.99
1136,BK073,3.0,12.38
1137,BK016,1.0,
1137,BK189,1.0,6.02
1137,BK145,1.0,8.2
1138,BK159,2.0,7.27
1138,BK001,2.0,10.93
1138,BK102,2.0,14.48
1138,BK086,1.0,7.24
1139,BK162,1.0,
1139,BK153,1.0,7.17
1140,BK181,2.0,6.95
1140,BK140,2.0,6.95
1140,BK061,3.0,6.99
1140,BK172,3.0,7.19
1140,BK029,3.0,5.11
1141,BK054,3.0,7.48
1141,BK172,3.0,7.19
1141,BK101,3.0,7.56
1141,BK152,1.0,
1142,BK190,3.0,12.67
1142,BK125,1.0,5.9
1142,BK020,2.0,9.13
1142,BK143,3.0,11.56
1143,BK068,1.0,6.38
1143,BK160,2.0,13.83
1143,BK086,2.0,7.24
1143,BK146,3.0,4.63
1144,BK178,2.0,10.97
1144,BK080,3.0,8.69
1144,BK190,1.0,12.67
1145,BK153,2.0,7.17
1145,BK129,3.0,11.76
1145,BK185,3.0,6.34
1145,BK030,3.0,7.34
1145,BK036,2.0,5.31
1146,BK146,1.0,4.63
1147,BK057,3.0,8.32
1147,BK123,2.0,7.28
1147,BK146,2.0,4.63
1148,BK199,2.0,16.57
1148,BK030,1.0,7.34
1148,BK014,2.0,7.53
1148,BK101,2.0,7.56
1148,BK004,,8.04
1149,BK037,2.0,6.93
1149,BK093,1.0,10.09
1149,BK010,1.0,4.97
1149,BK200,2.0,11.74
1150,BK072,1.0,9.08
1151,BK104,2.0,7.89
1151,BK066,1.0,3.99
1151,BK197,3.0,10.91
1151,BK075,1.0,9.63
1152,BK019,3.0,14.23
1153,BK080,1.0,8.69
1153,BK053,1.0,
1153,BK086,3.0,7.24
1153,BK097,1.0,5.15
1153,BK154,3.0,3.99
1154,BK115,3.0,7.92
1154,BK165,2.0,9.62
1154,BK140,3.0,6.95
1155,BK105,3.0,6.6
1155,BK053,2.0,
1155,BK128,3.0,8.29
1155,BK079,3.0,7.38
1155,BK115,2.0,7.92
1156,BK096,2.0,5.79
1156,BK196,3.0,14.67
1156,BK171,1.0,8.59
1157,BK142,3.0,8.55
1158,BK149,1.0,8.52
1159,BK126,3.0,8.86
1159,BK055,2.0,6.54
1160,BK040,1.0,8.0
1161,BK019,1.0,14.23
1161,BK139,1.0,15.34
1162,BK044,3.0,7.97
1162,BK176,2.0,15.13
1162,BK195,1.0,9.7
1163,BK189,3.0,6.02
1163,BK046,1.0,5.91
1163,BK063,2.0,6.42
1163,BK042,1.0,13.02
1164,BK047,3.0,6.24
1165,BK057,3.0,8.32
1165,BK107,3.0,14.49
1165,BK096,1.0,5.79
1165,BK174,3.0,19.61
1165,BK023,1.0,8.99
1166,BK117,2.0,
1166,BK015,2.0,7.17
1166,BK069,1.0,7.35
1166,BK138,2.0,11.45
1166,BK039,1.0,13.04
1167,BK035,2.0,9.92
1167,BK077,3.0,8.26
1167,BK154,2.0,3.99
1167,BK148,3.0,6.47
1167,BK003,3.0,9.58
1168,BK047,3.0,6.24
1168,BK053,3.0,
1169,BK145,2.0,8.2
1170,BK078,1.0,6.71
1171,BK194,1.0,5.61
1171,BK046,3.0,5.91
1171,BK111,3.0,7.43
1171,BK090,3.0,5.0
1171,BK129,3.0,11.76
1172,BK053,,
1173,BK025,3.0,9.97
1173,BK151,1.0,10.17
1174,BK114,2.0,8.52
1175,BK197,3.0,10.91
1175,BK100,,5.85
1175,BK181,1.0,6.95
1175,BK081,2.0,8.55
1176,BK061,1.0,6.99
1176,BK107,1.0,14.49
1176,BK021,2.0,8.29
1176,BK115,1.0,7.92
1176,BK130,3.0,6.53
1177,BK085,2.0,
1177,BK124,,8.12
1177,BK001,1.0,10.93
1178,BK172,2.0,7.19
1179,BK051,1.0,6.32
1179,BK016,2.0,
1180,BK200,3.0,11.74
1180,BK181,1.0,6.95
1180,BK147,1.0,12.15
1181,BK106,1.0,5.99
1181,BK023,2.0,8.99
1181,BK120,2.0,7.16
1181,BK095,3.0,5.48
1181,BK067,3.0,10.97
1182,BK167,3.0,12.35
1183,BK178,1.0,10.97
1183,BK024,1.0,
1184,BK073,3.0,12.38
1184,BK114,1.0,8.52
1185,BK101,1.0,7.56
1186,BK077,1.0,8.26
1186,BK182,3.0,6.22
1186,BK119,2.0,9.56
1186,BK147,3.0,12.15
1186,BK036,1.0,5.31
1187,BK149,1.0,8.52
1187,BK094,1.0,12.74
1188,BK138,1.0,11.45
1188,BK118,2.0,14.28
1189,BK198,2.0,6.76
1190,BK159,3.0,7.27
1190,BK195,3.0,9.7
1190,BK070,2.0,6.3
1190,BK002,3.0,
1191,BK029,1.0,5.11
1191,BK117,3.0,5.79
1192,BK069,1.0,7.35
1192,BK084,2.0,8.55
1192,BK103,1.0,8.07
1193,BK085,3.0,10.61
1193,BK197,3.0,10.91
1193,BK075,1.0,9.63
1193,BK025,3.0,9.97
1193,BK035,3.0,9.92
1194,BK143,3.0,11.56
1194,BK050,1.0,10.13
1194,BK038,3.0,4.64
1194,BK170,3.0,13.98
1195,BK079,3.0,7.38
1196,BK080,1.0,8.69
1196,BK190,2.0,12.67
1196,BK047,2.0,
1196,BK194,3.0,5.61
1197,BK054,3.0,7.48
1197,BK015,2.0,7.17
1198,BK171,3.0,8.59
1198,BK161,3.0,14.3
1199,BK083,3.0,11.28
1199,BK129,2.0,11.76
1199,BK152,1.0,
1199,BK118,3.0,14.28
1199,BK012,1.0,12.47
1200,BK070,3.0,6.3
1200,BK085,3.0,10.61
